rank,song,pattern
4,"톰보이",S08
5,"애프터 라이크",S09
6,"톰보이",S17
7,"리틀 먼치킨",S16
8,"사이먼 세이즈, 유로댄스!! (feat. Sara☆M)",S18
9,"애프터 라이크",S06
10,"사이먼 세이즈, 유로댄스!! (feat. Sara☆M)",S20
11,"서든 어페어런스 이미지",S17
12,"사이먼 세이즈, 유로댄스!! (feat. Sara☆M)",S16
13,"리틀 먼치킨",S19
14,"리틀 먼치킨",D23
15,"시",S16
16,"서든 어페어런스 이미지",D23
17,"리틀 먼치킨",D20
18,"사이먼 세이즈, 유로댄스!! (feat. Sara☆M)",D22
19,"톰보이",D22
20,"스테이저",D18
21,"사이먼 세이즈, 유로댄스!! (feat. Sara☆M)",D19
22,"서든 어페어런스 이미지",S19
23,"유포리아닉",S16
24,"서든 어페어런스 이미지",S21
25,"시",D23
26,"시",S22
27,"리틀 먼치킨",S21
28,"서든 어페어런스 이미지",D21
29,"서든 어페어런스 이미지",D17
30,"시",S19
31,"플레이버 스텝!",S18
32,"일레븐",S06
33,"톰보이",S19
34,"누드",S06
35,"리틀 먼치킨",D17
36,"진폐증 ft. Kagamine Len/GUMI",S16
37,"시",D20
38,"판도라",S11
39,"테디베어",S09
40,"애프터 라이크",S13
41,"판도라",S07
42,"일레븐",S12
43,"톰보이",S05
44,"톰보이",D18
45,"스테이저",S15
46,"시",D18
47,"유포리아닉",S11
48,"판도라",S17
49,"애프터 라이크",S15
50,"유포리아닉",S08
51,"톰보이",D20
52,"누드",S11
53,"베토벤 바이러스",S07
54,"플레이버 스텝!",S14
55,"서든 어페어런스 이미지",S15
56,"요! 세이!! 페어리!!!",S16
57,"진폐증 ft. Kagamine Len/GUMI",S19
58,"애프터 라이크",S04
59,"블루이쉬 로즈",S16
60,"리틀 먼치킨",D15
61,"테디베어",S06
62,"스테이저",D16
63,"애프터 라이크",S18
64,"배드 애플!! feat. Nomico",S09
65,"굿 나이트",S09
66,"추격",S16
67,"플레이버 스텝!",S11
68,"추격",S22
69,"이렐리아",S18
70,"톰보이",D12
71,"이렐리아",S22
72,"일레븐",S15
73,"판도라",D18
74,"8 6",S20
75,"리틀 먼치킨",S13
76,"8 6",S16
77,"네오 카타르시스",S20
78,"트릭크래쉬 220",S18
79,"진폐증 ft. Kagamine Len/GUMI",D22
80,"큐리아서티 오버드라이브",S18
81,"플레이버 스텝!",D15
82,"스위트로닉",S15
83,"네오 카타르시스",S22
84,"아모르 파티",S15
85,"비옐라의 악몽",S11
86,"플레이버 스텝!",D19
87,"밀크",S07
88,"모페모페",S11
89,"테디베어",S14
90,"보카",S09
91,"비행기",S13
92,"큐리아서티 오버드라이브",S15
93,"벡터",S14
94,"유포리아닉",S05
95,"트릭크래쉬 220",S21
96,"요! 세이!! 페어리!!!",S20
97,"사이먼 세이즈, 유로댄스!! (feat. Sara☆M)",D13
98,"배드 애플!! feat. Nomico",S05
99,"웨딩 크래셔",S10
100,"유 앤 아이",S07
101,"큐리아서티 오버드라이브",S20
102,"가고일 - FULL SONG -",S21
103,"네오 카타르시스",S17
104,"유포리아닉",D18
105,"유포리아닉",S19
106,"요! 세이!! 페어리!!!",S11
107,"보카",S14
108,"일레븐",S17
109,"블루이쉬 로즈",S20
110,"벡터",S18
111,"여래아",S01
112,"머독",S18
113,"에너지 시너지 매트릭스",S07
114,"바버스 매드니스",S18
115,"베토벤 바이러스",S12
116,"플레이버 스텝!",S21
117,"서든 어페어런스 이미지",S13
118,"R.I.P",S12
119,"스톰",S17
120,"할로윈 파티 ~Multiverse~",S08
121,"베르사이유",S16
122,"베토벤 바이러스",S06
123,"톰보이",S03
124,"스톰",S14
125,"비옐라의 악몽",S16
126,"트릭크래쉬 220",D20
127,"애프터 라이크",D20
128,"여래아",S13
129,"비행기",S15
130,"큐리아서티 오버드라이브",S10
131,"벡터",S08
132,"조깅",S16
133,"요! 세이!! 페어리!!!",D18
134,"블루이쉬 로즈",S12
135,"시",S11
136,"유포리아닉",D10
137,"할로윈 파티 ~Multiverse~",S12
138,"트릭크래쉬 220",S15
139,"꼭두각시",S18
140,"애프터 라이크",D15
141,"얼티메이텀",S21
142,"체이스 미",S09
143,"일레븐",D18
144,"사이먼 세이즈, 유로댄스!! (feat. Sara☆M)",S11
145,"머독",S20
146,"R.I.P",S16
147,"밀크",S11
148,"할시온",S12
149,"조깅",S09
150,"판도라",D13
151,"파이렛",S09
152,"밀크",S17
153,"블루이쉬 로즈",D18
154,"굿바운스",S16
155,"시",D13
156,"트릭크래쉬 220",S23
157,"애프터 라이크",D17
158,"바이올렛 퍼퓸",S13
159,"진폐증 ft. Kagamine Len/GUMI",S12
160,"파이렛",S13
161,"모페모페",S15
162,"비옐라의 악몽",S19
163,"바버스 매드니스",S22
164,"애프터 라이크",D07
165,"푸파",S17
166,"애프터 라이크",S01
167,"누드",S14
168,"비행기",S17
169,"스테이저",S11
170,"베르사이유",S10
171,"할로윈 파티 ~Multiverse~",S18
172,"할로윈 파티 ~Multiverse~",S16
173,"밀크",S15
174,"아모르 파티",S06
175,"에너지 시너지 매트릭스",S16
176,"얼티메이텀",S17
177,"큐리아서티 오버드라이브",D16
178,"꺼림칙한",S19
179,"이렐리아",S13
180,"브레인 파워",S11
181,"트릭크래쉬 220",D23
182,"추격",D17
183,"요! 세이!! 페어리!!!",S06
184,"배드 애플!! feat. Nomico",S13
185,"누드",S04
186,"어콰이어",S20
187,"굿텍",S16
188,"얼론",S08
189,"R.I.P",S19
190,"머독",S11
191,"큐리아서티 오버드라이브",D22
192,"슈퍼 판타지",S16
193,"이렐리아",S24
194,"디그니티",D26
195,"위스퍼",S13
196,"팔로우 미",S09
197,"굿텍",S18
198,"보카",S17
199,"벡터",S22
200,"스톰",S09
201,"블루이쉬 로즈",S08
202,"아모르 파티",S18
203,"풀 문",S20
204,"알테일",D23
205,"네오 카타르시스",S25
206,"테디베어",S17
207,"큐리아서티 오버드라이브",S22
208,"쇼다운",S20
209,"굿바운스",S07
210,"리틀 먼치킨",S08
211,"푸파",S19
212,"엘리제",S07
213,"웨딩 크래셔",S06
214,"네오 카타르시스",D21
215,"배드 애플!! feat. Nomico",S15
216,"굿텍",S21
217,"꼭두각시",S20
218,"이렐리아",D19
219,"그로스",S16
220,"트릭크래쉬 220",D16
221,"비행기",S05
222,"할시온",S18
223,"블루이쉬 로즈",D14
224,"8 6",S12
225,"소서리스 엘리제",S08
226,"위스퍼",S09
227,"일레븐",D16
228,"에너지 시너지 매트릭스",S11
229,"위스퍼",S06
230,"8 6 - FULL SONG -",S21
231,"비옐라의 악몽",S23
232,"플레이버 스텝!",D22
233,"베르사이유",S19
234,"누드",S16
235,"체이스 미",S15
236,"알테일",S15
237,"풀 문",S16
238,"뷰티플라이어",S06
239,"일레븐",S04
240,"벡터",D15
241,"유 앤 아이",S14
242,"베르사이유",S07
243,"배틀 넘버원",S17
244,"굿바운스",S12
245,"스테이저",C
246,"비행기",D16
247,"굿바운스",S20
248,"리틀 먼치킨",D11
249,"스프레이",S12
250,"베르사이유",S20
251,"어콰이어",S15
252,"꼭두각시",D21
253,"머독",S22
254,"일레븐",D13
255,"머독",D14
256,"에너지 시너지 매트릭스",S18
257,"쥬핀",S17
258,"바버스 매드니스",S16
259,"트릭크래쉬 220",D25
260,"네오 카타르시스",S13
261,"붐!!",S17
262,"파이렛",S17
263,"아모르 파티",D19
264,"얼티메이텀",S23
265,"아라가미",S22
266,"아모르 파티",D16
267,"이렐리아",D16
268,"보카",S05
269,"추격",S11
270,"푸파",S21
271,"머독",D20
272,"마왕",S09
273,"체이스 미",S20
274,"얼티메이텀",S25
275,"큐리아서티 오버드라이브",D24
276,"아라가미",S17
277,"어콰이어",S07
278,"할로윈 파티 ~Multiverse~",S20
279,"밀크",S20
280,"위스퍼",S19
281,"윈터",S07
282,"날아올라",S09
283,"리틀 먼치킨",C
284,"스톰",D16
285,"스테이저",D12
286,"판도라",S04
287,"배틀 넘버원",S14
288,"어콰이어",S17
289,"스위트로닉",S11
290,"붐!!",S15
291,"록시아",S21
292,"풀 문",S06
293,"파이렛",S06
294,"디멘트 ~에프터 레전드~",S23
295,"브레인 파워",S16
296,"블루이쉬 로즈",D21
297,"알테일",S21
298,"테디베어",D07
299,"아모르 파티",S21
300,"네오 카타르시스",D24
301,"붐!!",S10
302,"락 더 하우스",D22
303,"알테일",S18
304,"푸파",S14
305,"뷰티플라이어",S13
306,"배틀 넘버원",S20
307,"꺼림칙한",S15
308,"어콰이어",S11
309,"유 앤 아이",S21
310,"록시아",S16
311,"얼론",S15
312,"아라가미",S24
313,"푸파",S23
314,"베토벤 바이러스",S04
315,"스프레이",D19
316,"테디베어",S04
317,"배틀 넘버원",S09
318,"굿텍",S12
319,"R.I.P",S22
320,"밀크",D16
321,"틸 디 엔드 오브 타임",S11
322,"누드",S02
323,"꼭두각시",S25
324,"위스퍼",S16
325,"할로윈 파티 ~Multiverse~",D17
326,"쇼다운",S14
327,"프렌드",S19
328,"쥬핀",S12
329,"8 6 - FULL SONG -",D23
330,"테디베어",D18
331,"카오스 어게인",S20
332,"굿텍",S08
333,"소서리스 엘리제",S06
334,"설탕음모론",S14
335,"굿 나이트",S06
336,"아모르 파티",D23
337,"벡터",D20
338,"요! 세이!! 페어리!!!",D22
339,"8 6",D18
340,"쇼다운",S06
341,"R.I.P",D16
342,"웨딩 크래셔",S16
343,"꼭두각시",S23
344,"스톰",D19
345,"스프레이",S15
346,"쇼다운",S10
347,"비행기",D18
348,"그로스",S19
349,"블루이쉬 로즈",S05
350,"진공",S19
351,"가고일",D20
352,"일레븐",D05
353,"아라가미",D17
354,"꺼림칙한",S11
355,"어 사이트 데 라 루",S16
356,"시간의 회랑 라비린스",S20
357,"바버스 매드니스",D16
358,"쇼다운",D22
359,"뷰티플라이어",S15
360,"바버스 매드니스",S11
361,"어콰이어",D19
362,"8 6",D21
363,"푸파",D25
364,"어콰이어",D23
365,"브레인 파워",S08
366,"아라가미",S19
367,"얼론",S05
368,"슈퍼 판타지",S14
369,"왓 해픈드",D23
370,"머독",D22
371,"굿 나이트",S20
372,"푸파",D23
373,"트로피카닉",S16
374,"쇼다운",S17
375,"알테일",D19
376,"바이올렛 퍼퓸",S08
377,"누드",D08
378,"그로스",S13
379,"요! 세이!! 페어리!!!",D12
380,"보카",D15
381,"테디베어",D15
382,"에너지 시너지 매트릭스",S20
383,"아라가미",S15
384,"갤럭시 컬랩스",S18
385,"푸파",D16
386,"이렐리아",D24
387,"풀 문",D14
388,"굿 나이트",S17
389,"키메라",S09
390,"라크리모사",S17
391,"굿텍",D20
392,"붐!!",S07
393,"갤럭시 컬랩스",S22
394,"쥬핀",S19
395,"스프레이",S17
396,"굿바운스",S04
397,"스위트로닉",S08
398,"이스케이프",S24
399,"할시온",S20
400,"갤럭시 컬랩스",S07
401,"R.I.P",D24
402,"크로스 오버 feat. LyuU",S15
403,"팔로우 미",S14
404,"터키 행진곡",S07
405,"그로스",S23
406,"조깅",S18
407,"프렌드",S15
408,"굿바운스",D18
409,"캄파넬라",C
410,"베르사이유",D20
411,"카오스 어게인",S22
412,"크로스 오버 feat. LyuU",S18
413,"이스케이프",S21
414,"스위트로닉",S17
415,"배틀 넘버원",D16
416,"설탕음모론",S10
417,"굿텍",D16
418,"글로리아",S14
419,"팔로우 미",S06
420,"라크리모사",S20
421,"설탕음모론",S06
422,"파이렛",D15
423,"조깅",S05
424,"탄탄멘",S14
425,"크로스 소울",S20
426,"이렐리아",S08
427,"브레인 파워",D14
428,"스톰",S06
429,"붐!!",S20
430,"엘리제",D23
431,"유포리아닉 - SHORT CUT -",S17
432,"그로스",S21
433,"버터플라이",D17
434,"유포리아닉",S03
435,"팔랑크스 "RS2018 edit"",S22
436,"체이스 미",S17
437,"디멘트 ~에프터 레전드~",S18
438,"모페모페",D17
439,"베토벤 바이러스",S16
440,"로키",S21
441,"김치 핑거즈",S14
442,"라스트 리버스",S13
443,"갤럭시 컬랩스",S15
444,"로키",S16
445,"슈퍼 판타지",S10
446,"디그니티",S15
447,"누드",D17
448,"아클루오이아스",S24
449,"파파시토 (feat.  KuTiNA)",S13
450,"카오스 어게인",S18
451,"라크리모사",S15
452,"파이렛",D18
453,"비옐라의 악몽",D21
454,"보카",D19
455,"비옐라의 악몽",D14
456,"바버스 매드니스",D19
457,"일레븐",S02
458,"어 사이트 데 라 루",S19
459,"캐논 디",S07
460,"유 앤 아이",S17
461,"배틀 넘버원",S22
462,"라이크 미",C
463,"타이밍",S07
464,"사라반드",S16
465,"이스케이프",S18
466,"또다른 진심",S06
467,"스프레이",D17
468,"캉-캉 ~Orpheus in The Party Mix~",S08
469,"하드코어 오브 더 노스",S22
470,"가고일",S18
471,"위스퍼",D14
472,"터키 행진곡",S12
473,"라 그랑 블루",S16
474,"파파시토 (feat.  KuTiNA)",C
475,"스켑틱",S22
476,"에너지 시너지 매트릭스",D22
477,"꼭두각시",D23
478,"그로스",D17
479,"보카",S19
480,"붐!!",D16
481,"붐!!",D18
482,"모페모페",S17
483,"슬램",D24
484,"쥬핀",S23
485,"푸파",D21
486,"푸파",S11
487,"파이렛",D08
488,"파괴",S19
489,"갤럭시 컬랩스",S11
490,"굿 나이트",S23
491,"위스퍼",D21
492,"크로스 오버 feat. LyuU",D15
493,"헤드리스 치킨",S21
494,"배니쉬",S17
495,"할로윈 파티 ~Multiverse~",D13
496,"판도라",D06
497,"알테일",D16
498,"아클루오이아스",S22
499,"슈가 플럼",S07
500,"바버스 매드니스",D23
501,"카오스 어게인",S24
502,"라크리모사",S06
503,"BS파워 익스플로전",S16
504,"파파시토 (feat.  KuTiNA)",S07
505,"디멘트 ~에프터 레전드~",S21
506,"뷰티플라이어",S17
507,"바이올렛 퍼퓸",S17
508,"날아올라",S15
509,"브레인 파워",S19
510,"록시아",S12
511,"키메라",S23
512,"모페모페",S23
513,"붐!!",D22
514,"슈퍼 판타지",S07
515,"어콰이어",D16
516,"추격",D13
517,"팔랑크스 "RS2018 edit"",D24
518,"풀 문",S22
519,"체이스 미",S05
520,"슈브 니구라스",S24
521,"크로스 타임",S16
522,"이스케이프",D22
523,"트위스트 오브 페이트 (feat. Ruriling)",S19
524,"얼론",S17
525,"더 레버리",S21
526,"보카",S21
527,"Re：엔드 오브 어 드림",S19
528,"BS파워 익스플로전",S19
529,"왓 해픈드",D20
530,"우편마차",S08
531,"임프린팅",S17
532,"크로스 소울",S17
533,"록시아",D22
534,"탄탄멘",S17
535,"크로스 레이 (feat. 月下Lia)",S16
536,"코스믹 레일로드",S15
537,"바이올렛 퍼퓸",S06
538,"유포리아닉",D21
539,"라스트 리버스",S09
540,"우츠시요 노 카제 feat. Kana",D20
541,"비행기",D08
542,"스콜피온 킹",S15
543,"이그니스 패터스(DM Ashura 믹스)",S19
544,"스위트로닉",D10
545,"다람쥐 헌 쳇바퀴에 타고파",S19
546,"스콜피온 킹",D23
547,"서든 어페어런스 이미지",S08
548,"누드",D15
549,"스프레이",D14
550,"에너지 시너지 매트릭스",D19
551,"할시온",S22
552,"터키 행진곡 -미니멀튠즈-",S06
553,"굿텍",D24
554,"시간의 회랑 라비린스",S23
555,"데사파레세르",S18
556,"서든 로맨스 [PIU Edit]",S14
557,"배틀 넘버원",D22
558,"유 앤 아이",D17
559,"8 6 - FULL SONG -",S15
560,"베토벤 바이러스",D13
561,"아라가미",D26
562,"1949",S16
563,"파이널 오디션",S19
564,"유 앤 아이",D14
565,"날아올라",S05
566,"디멘트 ~에프터 레전드~",S15
567,"유령의 축제 2 (Sneak)",S20
568,"락 더 하우스",S16
569,"베르사이유",D23
570,"디그니티",S21
571,"스프레이",S06
572,"글로리아",S20
573,"테디베어",S02
574,"비옐라의 악몽",D25
575,"배니쉬",S20
576,"베르사이유",D12
577,"Re：엔드 오브 어 드림",S15
578,"헬파이어",S15
579,"조깅",D16
580,"밀크",D22
581,"우편마차",S07
582,"꺼림칙한",D16
583,"테일즈 오브 펌프니아",S17
584,"미운 오리새끼",D18
585,"1950",S25
586,"미운 오리새끼",S17
587,"크로스 오버 feat. LyuU",S22
588,"굿바운스",D21
589,"라크리모사",S10
590,"사라반드",S12
591,"스테이저",S08
592,"어 사이트 데 라 루",D24
593,"우라늄",S22
594,"쥬핀",D23
595,"미스터 라푸스",S22
596,"브로큰 카르마 (PIU EDIT)",S19
597,"배드 애플!! feat. Nomico",S17
598,"라이크 미",S14
599,"크로싱 델타",S20
600,"다람쥐 헌 쳇바퀴에 타고파",S23
601,"러브 이즈 어 데인저 존 pt.2",S22
602,"갤럭시 컬랩스",S04
603,"라크리모사",S13
604,"밀크",D19
605,"프렌드",S10
606,"꺼림칙한",D20
607,"테이크 아웃",C
608,"벡터",D24
609,"아발란치",S22
610,"글로리아",S10
611,"BS파워 익스플로전",S21
612,"가고일",S22
613,"킵 온!",D17
614,"뷰티플라이어",D09
615,"크로스 오버 feat. LyuU",S11
616,"요! 세이!! 페어리!!!",C
617,"쥬핀",D18
618,"라이징 스타",S17
619,"R.I.P",D21
620,"쥬핀",S21
621,"스톰",D08
622,"디 엔드 오브 더 월드 ft. Skizzo",S20
623,"사이먼 세이즈, 유로댄스!! (feat. Sara☆M)",S07
624,"슈브 니구라스",D18
625,"코스믹 레일로드",S10
626,"이그니스 패터스(DM Ashura 믹스)",S22
627,"니알라토텝",S13
628,"날아올라",S20
629,"애프터 라이크",C
630,"하트 래빗 코스터",S14
631,"라스트 리버스",S16
632,"바로크 바이러스",S17
633,"아라가미",D24
634,"듀얼 레이싱 <레드 vs 블루>",S20
635,"코스믹 레일로드",S18
636,"어나이얼레이터 메소드",S23
637,"슈브 니구라스",S19
638,"Re：엔드 오브 어 드림",D22
639,"가고일",D14
640,"하트 래빗 코스터",S10
641,"펌프 미 아마데우스",S13
642,"보카",S03
643,"윈드밀",D23
644,"캐논 디",S11
645,"알레그로 퓨리오소",D20
646,"글로리아",S23
647,"그로스",D20
648,"바이올렛 퍼퓸",D14
649,"사라반드",S07
650,"할로윈 파티 ~Multiverse~",D21
651,"배드 애플!! feat. Nomico - FULL SONG -",S10
652,"얼론",D06
653,"리얼리티",S15
654,"VVV ",S23
655,"크로스 타임",S12
656,"킵 온!",S18
657,"트로피카닉",S19
658,"인디스트럭터블",D25
659,"캉-캉 ~Orpheus in The Party Mix~",S13
660,"크로싱 델타",S13
661,"키메라",S13
662,"진공",S21
663,"슈퍼 카프리시오",S16
664,"필 마이 해피니스",D21
665,"클럽 나이트",S09
666,"로키",S20
667,"글로리아",D16
668,"팔로우 미",D10
669,"보카",D23
670,"알테일",S12
671,"스타더스트 오버드라이브",D23
672,"배드 애플!! feat. Nomico",D11
673,"풀 문",D24
674,"위키드 레전드",S16
675,"프렌드",S21
676,"가고일",S11
677,"어 사이트 데 라 루",S09
678,"저스트 홀드 온 (To All Fighters)",S21
679,"락 더 하우스",S10
680,"스켑틱",S24
681,"쇼다운",D18
682,"시그너스",S19
683,"인디스트럭터블",D22
684,"베토벤 바이러스",D18
685,"베토벤 바이러스",S21
686,"아르카나 포스",S20
687,"데사파레세르",S20
688,"슈가 플럼",S11
689,"카오스 어게인",S15
690,"모페모페",S21
691,"쥬핀",D14
692,"다람쥐 헌 쳇바퀴에 타고파",S16
693,"미스터 라푸스",S20
694,"제로아이즈",S24
695,"타이밍",S15
696,"추격",D25
697,"웨딩 크래셔",D07
698,"퍼더",S24
699,"배니쉬",S12
700,"크로스 레이 (feat. 月下Lia)",S19
701,"크로싱 델타",S10
702,"브레인 파워",S05
703,"꼭두각시",D25
704,"아리랑",S22
705,"라 그랑 블루",S20
706,"록시아",S07
707,"붐!!",D12
708,"록시아",D14
709,"카오스 어게인",D22
710,"라이프 이즈 피아노",S16
711,"매드 사이언스",S20
712,"트로피카닉",S11
713,"아라가미",D21
714,"페이브 가든",S12
715,"하우스플랜",S15
716,"가고일 - FULL SONG -",S23
717,"록시아",D19
718,"1950",S23
719,"또다른 진심",S08
720,"탄탄멘",S11
721,"펌트리스 꽈뜨로",S18
722,"고딕 레조넌스",S18
723,"탄탄멘",S07
724,"쇼다운",D16
725,"파반느",S17
726,"그로스",D25
727,"블루이쉬 로즈",D06
728,"추격",S07
729,"캉-캉 ~Orpheus in The Party Mix~ - SHORT CUT -",D25
730,"아마겟돈",S22
731,"설탕음모론",S18
732,"유어 마인드",D23
733,"머독",D24
734,"요그 소토스",S23
735,"네이팜",S21
736,"파괴",S16
737,"일레븐",C
738,"니알라토텝",S23
739,"시간의 회랑 라비린스",S17
740,"카오스 어게인",D17
741,"드림 투 나이트메어",S21
742,"팔랑크스 "RS2018 edit"",D18
743,"판도라",S02
744,"뷰티플라이어",D18
745,"아이 원트 유",S20
746,"라 그랑 블루",D18
747,"누드",C
748,"미운 오리새끼",D17
749,"팔랑크스 "RS2018 edit"",S17
750,"탄탄멘",S20
751,"브레인 파워",S22
752,"어나이얼레이터 메소드",D24
753,"설탕음모론",D16
754,"유 어게인 마이 러브",C
755,"윈드밀",S21
756,"고딕 레조넌스",S21
757,"굿바운스",D13
758,"글로리아",S17
759,"블레이징",S20
760,"날아올라",D10
761,"엑스트라바간자",S22
762,"스켑틱",S19
763,"디그니티",S06
764,"비디오 아웃 씨",S22
765,"파파 곤잘레스",S22
766,"디 엔드 오브 더 월드 ft. Skizzo",S16
767,"리펜턴스",S22
768,"뷰티플라이어",D16
769,"이스케이프",S15
770,"스프레이",D08
771,"엘리제",S11
772,"윈드밀",S13
773,"파괴",S21
774,"클레마티스 랩소디아",D23
775,"또다른 진심",S16
776,"1950",S20
777,"버터플라이",S16
778,"크로스 타임",D17
779,"컴 투 미",S17
780,"리펜턴스",S19
781,"스위트로닉",D16
782,"크로스 타임",S18
783,"글로리아",D25
784,"Re：엔드 오브 어 드림",S21
785,"크로스 레이 (feat. 月下Lia)",S21
786,"디멘트 ~에프터 레전드~",D20
787,"이그니스 패터스(DM Ashura 믹스)",D25
788,"킵 온!",S15
789,"포가튼 뱀파이어",S16
790,"러브 이즈 어 데인저 존(Cranky 믹스)",S20
791,"위스퍼",D18
792,"알레그로 콘 뿌오코",S22
793,"설탕음모론",D07
794,"바로크 바이러스",S10
795,"가장신자",S18
796,"슈퍼 판타지",D18
797,"트로피카닉",D21
798,"슬램",S18
799,"스타드림 (feat. Romelon)",S21
800,"페이브 가든",D24
801,"슈퍼 판타지",C
802,"소서리스 엘리제",S10
803,"테일즈 오브 펌프니아",S20
804,"라그나로크",S18
805,"할시온",D12
806,"페이브 가든",D14
807,"크로스 소울",S22
808,"스켑틱",D25
809,"패러독스",S21
810,"인디스트럭터블",S22
811,"다람쥐 헌 쳇바퀴에 타고파",D16
812,"더 레버리",S15
813,"파사칼리아",S17
814,"도나텔로",S22
815,"퍼더",S22
816,"배니쉬",D18
817,"조깅",D18
818,"어 사이트 데 라 루",D14
819,"진공",S23
820,"도나텔로",S17
821,"굿 나이트 - FULL SONG -",S18
822,"푸파",S07
823,"클럽 나이트",S17
824,"포인트 제로 원",S20
825,"크로싱 델타",S17
826,"브레인 파워",D20
827,"하드코어 오브 더 노스",S12
828,"1949",S21
829,"천년이 지나서",D23
830,"포인트 제로 2",S16
831,"라이징 스타",S15
832,"Re：엔드 오브 어 드림",S23
833,"크로스 타임",S07
834,"날아올라",D16
835,"니알라토텝",D17
836,"포인트 제로 원",D22
837,"클레마티스 랩소디아",S22
838,"서든 로맨스 [PIU Edit]",S19
839,"밀크",D11
840,"카오스 어게인",D24
841,"웨딩 크래셔",S18
842,"패러독스 - SHORT CUT -",S24
843,"가고일 - FULL SONG -",D22
844,"유 앤 아이",S04
845,"날아올라",S18
846,"우편마차",S12
847,"아이스 오브 데스",S20
848,"클리너",S21
849,"스마일 다이어리",S07
850,"라스트 리버스",D14
851,"모멘트 데이",C
852,"스타드림 (feat. Romelon)",S18
853,"포인트 제로 2",S19
854,"파파시토 (feat.  KuTiNA)",S15
855,"저스트 홀드 온 (To All Fighters)",D25
856,"라스트 리버스",D17
857,"꼭두각시",D27
858,"체이스 미",D11
859,"메테오 사이언스 (GADGET mix)",D22
860,"캉-캉 ~Orpheus in The Party Mix~",S19
861,"에너지 시너지 매트릭스",D13
862,"임프린팅",D24
863,"코스믹 레일로드",D22
864,"크로싱 델타",D23
865,"스타드림 (feat. Romelon)",S15
866,"팔랑크스 "RS2018 edit"",D21
867,"라크리모사",D15
868,"스타드림 (feat. Romelon)",D16
869,"페이브 가든",S22
870,"웨딩 크래셔",S04
871,"슈가 플럼",S15
872,"마타도르",S18
873,"BS파워 익스플로전",D20
874,"클리너",S23
875,"프렌드",S23
876,"페이브 가든",S08
877,"아르카나 포스",S16
878,"윈터",S20
879,"리펜턴스",S16
880,"브레인 파워",D08
881,"페이브 가든",S16
882,"러브 이즈 어 데인저 존 pt.2",D24
883,"라 그랑 블루",S18
884,"얼티메이텀",D25
885,"슈퍼 카프리시오",S12
886,"슬랩스틱 파르페",S10
887,"크로스 오버 feat. LyuU",D23
888,"마타도르",S21
889,"슈브 니구라스",S12
890,"인디스트럭터블",S17
891,"아클루오이아스",D26
892,"어콰이어",D12
893,"시간의 회랑 라비린스",D18
894,"사이먼 세이즈, 유로댄스!! (feat. Sara☆M)",S04
895,"브레인 파워",D24
896,"유포리아닉 - SHORT CUT -",D19
897,"파이널 오디션 에피소드 2-X",S23
898,"헬파이어",S18
899,"까르멘 버스",S18
900,"라크리모사",D22
901,"크로스 타임",D11
902,"스타드림 (feat. Romelon)",D22
903,"Re：엔드 오브 어 드림",D18
904,"어나이얼레이터 메소드",S19
905,"크로스 레이 (feat. 月下Lia)",S12
906,"인피니티",S21
907,"블랙스완",S15
908,"슬램",S20
909,"디스트릭트 1",S15
910,"스위트로닉",S05
911,"BS파워 익스플로전",D23
912,"시간의 회랑 라비린스",D26
913,"아마겟돈",S19
914,"트위스트 오브 페이트 (feat. Ruriling)",S16
915,"할시온",D20
916,"HTTP",S21
917,"얼론",D16
918,"크로스 타임",D20
919,"텔링 포츈 플라워",S23
920,"시그너스",S17
921,"사월",S17
922,"아이올라이트 스카이",D24
923,"리얼리티",D15
924,"크로스 타임",D22
925,"파괴",D23
926,"사라반드",D18
927,"요그 소토스",S21
928,"캐논 디",S20
929,"크리스마스의 기억",C
930,"오벨리스크",D15
931,"러브 이즈 어 데인저 존",S19
932,"디그니티",S22
933,"포가튼 뱀파이어",S13
934,"오벨리스크",S17
935,"파파시토 (feat.  KuTiNA)",S20
936,"이렐리아",D26
937,"클럽 나이트",S22
938,"더 레버리",S17
939,"아이올라이트 스카이",S16
940,"갤럭시 컬랩스",D20
941,"테프리스",S17
942,"체이스 미",D18
943,"더 레버리",D18
944,"건 락",D24
945,"니알라토텝",S17
946,"어 사이트 데 라 루",D19
947,"Re：엔드 오브 어 드림",S12
948,"댄스 위드 미",D18
949,"얼론",D18
950,"로봇 배틀",S22
951,"타이밍",S18
952,"배틀 넘버원",D24
953,"헬파이어",S22
954,"윌 오 더 위스프",D25
955,"미스터 라푸스",S15
956,"김치 핑거즈",S20
957,"크로스 레이 (feat. 月下Lia)",D20
958,"킵 온!",S21
959,"펌프 미 아마데우스",D24
960,"클리너",S17
961,"1949",S23
962,"엑시던트",D20
963,"텔링 포츈 플라워",S17
964,"마왕",S06
965,"소서리스 엘리제",S21
966,"팔랑크스 "RS2018 edit"",S19
967,"저스트 홀드 온 (To All Fighters)",D22
968,"파사칼리아",D22
969,"BS파워 익스플로전",S12
970,"알레그로 콘 뿌오코 - FULL SONG -",S18
971,"유 갓 미 락킹",S17
972,"풀 문",D20
973,"트로피카닉",S07
974,"까르멘 버스",S21
975,"아이올라이트 스카이",S22
976,"천년이 지나서",S12
977,"블랙스완",S12
978,"듀얼 레이싱 <레드 vs 블루>",S18
979,"팝 시퀀스",D23
980,"업 앤 업 (Produced by AWAL)",S17
981,"아이 원트 유",S17
982,"패러독스 - SHORT CUT -",S21
983,"퍼더",S18
984,"캐논 X.1",S20
985,"V3",D24
986,"드림 투 나이트메어",D23
987,"파사칼리아",S19
988,"천년이 지나서",S07
989,"슈퍼 판타지",D12
990,"킵 온!",S13
991,"왈츠 오브 도지",S17
992,"알레그로 콘 뿌오코",S17
993,"크로스 오버 feat. LyuU",S07
994,"Re：엔드 오브 어 드림",D25
995,"임프린팅",S21
996,"터키 행진곡 -미니멀튠즈-",S10
997,"러브 이즈 어 데인저 존 2 - FULL SONG -",S20
998,"테디베어",C
999,"포가튼 뱀파이어",S18
1000,"테일즈 오브 펌프니아",D18
1001,"레드 스노우",S19
1002,"네이티브",S20
1003,"퀸 오브 더 레드",S18
1004,"슈퍼 카프리시오",S07
1005,"베토벤 바이러스",C
1006,"폴른 엔젤",S19
1007,"스타 커맨드",D22
1008,"그로스",D23
1009,"팬텀 -인터메조-",S22
1010,"포세이돈",S15
1011,"웨딩 크래셔",D13
1012,"HTTP",S17
1013,"에러코드: 0",S19
1014,"소서리스 엘리제",S04
1015,"굿텍",D12
1016,"우편마차",S15
1017,"트래블 투 퓨처",S17
1018,"프렌드",D17
1019,"히페리온",S17
1020,"가고일",D23
1021,"텔링 포츈 플라워",D23
1022,"퀸 오브 더 레드",S15
1023,"BS파워 익스플로전",S08
1024,"위키드 레전드",S20
1025,"퍼센트 엑스",S20
1026,"유 갓 투 노우",S20
1027,"어콰이어",C
1028,"바로크 바이러스 - FULL SONG -",S21
1029,"라이프 이즈 피아노",D18
1030,"크로스 소울",S08
1031,"비행기",S03
1032,"임프린팅",S08
1033,"캉-캉 ~Orpheus in The Party Mix~",D15
1034,"배드 애플!! feat. Nomico",D20
1035,"코스믹 레일로드",S21
1036,"헤스티아",S10
1037,"슈브 니구라스",S21
1038,"디멘트 ~에프터 레전드~",D24
1039,"베들램",D20
1040,"네이팜",S19
1041,"오벨리스크",S15
1042,"베들램",S22
1043,"건 락",S20
1044,"갤럭시 컬랩스",D16
1045,"라크리모사",D18
1046,"아발란치",S19
1047,"또다른 진심",D21
1048,"캉-캉 ~Orpheus in The Party Mix~ - SHORT CUT -",D23
1049,"라젠스키 캉캉",S16
1050,"테이크 아웃",S17
1051,"파이널 오디션 에피소드 2-X",D24
1052,"패러독스",S26
1053,"트래블 투 퓨처",D23
1054,"트라이브 어택커",C
1055,"데사파레세르",D23
1056,"키메라",C
1057,"클레마티스 랩소디아",S18
1058,"프라임 타임",S21
1059,"보카",D21
1060,"슈퍼 판타지",S19
1061,"러브 이즈 어 데인저 존",S17
1062,"임프린팅",D21
1063,"아클루오이아스",D24
1064,"포가튼 뱀파이어",S08
1065,"트래블 투 퓨처",S19
1066,"시그너스",D18
1067,"포가튼 뱀파이어",D14
1068,"체이스 미",D23
1069,"배드 애플!! feat. Nomico",D18
1070,"사라반드",S19
1071,"유어 마인드",S17
1072,"락 더 하우스",S08
1073,"엑스트라바간자",S11
1074,"니힐리즘 - 어나더 버전 -",S18
1075,"사월",S14
1076,"알레그로 퓨리오소",S20
1077,"크로스 레이 (feat. 月下Lia)",D14
1078,"하트 래빗 코스터",S23
1079,"블루이쉬 로즈",S03
1080,"하우스플랜",D16
1081,"소서리스 엘리제",S23
1082,"아르카나 포스",D20
1083,"페이브 가든",S19
1084,"하트 래빗 코스터",S21
1085,"마왕",S12
1086,"리무버블 디스코",S15
1087,"스멜스 라이크 어 초콜릿",S09
1088,"엘리제",S04
1089,"네메시스",S07
1090,"하우스플랜",S17
1091,"니힐리즘 - 어나더 버전 -",S21
1092,"사라반드",D24
1093,"알레그로 콘 뿌오코 - FULL SONG -",S23
1094,"로그인",S18
1095,"치킨 윙",S20
1096,"파파시토 (feat.  KuTiNA)",D16
1097,"미토츠다이라",D19
1098,"슈퍼 스타일린",D17
1099,"더 레버리",D22
1100,"포세이돈",S21
1101,"더 레볼루션",S12
1102,"야누스",S20
1103,"V3",S17
1104,"러브 이즈 어 데인저 존",D21
1105,"포인트 제로 2",D15
1106,"헤드리스 치킨",S19
1107,"부크",S20
1108,"우라늄",S19
1109,"금혼식",S19
1110,"하드코어 오브 더 노스",S18
1111,"니알라토텝",D23
1112,"조깅",D22
1113,"슈샤",S14
1114,"크리스마스의 기억",S08
1115,"미스 에스 스토리",S19
1116,"슈샤",C
1117,"라이징 스타",D17
1118,"유 앤 아이",D20
1119,"윈터",S12
1120,"얼론",S03
1121,"그녀는 피자를 좋아해",S21
1122,"유어 마인드",S21
1123,"포인트 제로 2",D20
1124,"팔로우 미",S17
1125,"배드 애플!! feat. Nomico",S03
1126,"디그니티",S17
1127,"브로큰 카르마 (PIU EDIT)",S16
1128,"비디오 아웃 씨",D23
1129,"트란사칼리아",S16
1130,"무혼 2",S18
1131,"트로피카닉",D18
1132,"인피니티",D23
1133,"파파시토 (feat.  KuTiNA)",D11
1134,"시간의 회랑 라비린스",D22
1135,"요! 세이!! 페어리!!!",S03
1136,"포인트 제로 원",D17
1137,"킵 온!",D20
1138,"패스터 Z",D23
1139,"아발란치",D25
1140,"디스트릭트 1",D17
1141,"클럽 나이트",S19
1142,"조나단의 꿈",D19
1143,"HTTP",S14
1144,"트로피카닉",D13
1145,"배드 애플!! feat. Nomico",S19
1146,"레이지 오브 파이어",S16
1147,"위스퍼",S02
1148,"알테일",S09
1149,"슈퍼 판타지",S20
1150,"펌트리스 8비트 ver.",C
1151,"키메라",D26
1152,"위치 닥터",S19
1153,"엠페러",S16
1154,"파파시토 (feat.  KuTiNA)",S16
1155,"코스믹 레일로드",D19
1156,"모페모페",D19
1157,"파이널 오디션 에피소드 2-1",S22
1158,"설탕음모론",D20
1159,"1950",D27
1160,"포가튼 뱀파이어",D17
1161,"라그나로크",S21
1162,"파이렛",S04
1163,"아마겟돈",D24
1164,"배니쉬",D22
1165,"김치 핑거즈",S17
1166,"스콜피온 킹",D16
1167,"프라임 타임",S23
1168,"비행기",S01
1169,"파파시토 (feat.  KuTiNA)",D14
1170,"하우스플랜",S09
1171,"이그니스 패터스(DM Ashura 믹스)",D23
1172,"파사칼리아",D14
1173,"바이올렛 퍼퓸",D12
1174,"갤럭시 컬랩스",D24
1175,"히아신스",S22
1176,"갓 모드 2.0 feat. Skizzo",S17
1177,"하트 래빗 코스터",S17
1178,"리펜턴스",D23
1179,"어 사이트 데 라 루",S11
1180,"제로아이즈",S21
1181,"스멜스 라이크 어 초콜릿",S16
1182,"트란사칼리아",S19
1183,"네메시스",S10
1184,"월광",S11
1185,"미스터 라푸스",S13
1186,"니알라토텝 - SHORT CUT -",S22
1187,"도나텔로",S13
1188,"스타드림 (feat. Romelon)",S10
1189,"웨딩 크래셔",D23
1190,"립톤 스트라이크",D23
1191,"사월 - SHORT CUT -",S22
1192,"라스트 리버스",D08
1193,"아르카나 포스",D17
1194,"할로윈 파티 ~Multiverse~",C
1195,"시간의 회랑 라비린스",S13
1196,"인피니티",S15
1197,"테이크 아웃",S11
1198,"에러코드: 0",S23
1199,"아마겟돈",S16
1200,"페이브 가든",D18
1201,"야누스",S17
1202,"까르멘 버스",S16
1203,"우라늄",D17
1204,"에러코드: 0",S25
1205,"할시온",D24
1206,"더 레버리",S11
1207,"헬파이어",D23
1208,"디스트릭트 1",S19
1209,"캐논 디",S17
1210,"데스티네이션",S13
1211,"아이스 오브 데스",S17
1212,"알레그로 콘 뿌오코",D23
1213,"인디스트럭터블",D20
1214,"위키드 레전드",S10
1215,"클리너",S13
1216,"폴른 엔젤",S17
1217,"엑스트라바간자",S08
1218,"네메시스",S18
1219,"니알라토텝",S18
1220,"임프린팅",S11
1221,"모노리스",S21
1222,"슬랩스틱 파르페",S07
1223,"임프린팅",S04
1224,"슈퍼 카프리시오",D19
1225,"사라반드",S20
1226,"더 레볼루션",S17
1227,"크리스마스의 기억",S14
1228,"스위트로닉",D18
1229,"아모르 파티",S04
1230,"클리너",D25
1231,"슈브 니구라스",S16
1232,"리펜턴스",D17
1233,"탑 시티",S20
1234,"텔링 포츈 플라워",S21
1235,"아이올라이트 스카이",S20
1236,"윈터",S16
1237,"날아올라",D21
1238,"하드코어 오브 더 노스",D22
1239,"클리너",D26
1240,"조깅",D07
1241,"레이지 오브 파이어",S18
1242,"굿 나이트",D24
1243,"러브 이즈 어 데인저 존 pt.2",S15
1244,"배니쉬",D24
1245,"시그너스",S21
1246,"테이크 아웃",S20
1247,"스타 커맨드",D23
1248,"틸 디 엔드 오브 타임",D16
1249,"블레이징",S17
1250,"글로리아",D18
1251,"포인트 제로 2",S21
1252,"위치 닥터",S21
1253,"라 그랑 블루",D20
1254,"리무버블 디스코",C
1255,"라이크 미",S19
1256,"갓 모드 feat. Skizzo",S20
1257,"캉-캉 ~Orpheus in The Party Mix~ - SHORT CUT -",D13
1258,"데인저 & 데인저",D23
1259,"리펜턴스",D26
1260,"슈가 플럼",S19
1261,"필 마이 해피니스",S17
1262,"파괴",D19
1263,"엘리제",S18
1264,"우라늄",D20
1265,"스타 커맨드",S19
1266,"닥터 엠",S06
1267,"아모르 파티",S02
1268,"다람쥐 헌 쳇바퀴에 타고파",D22
1269,"엑스트라바간자",S19
1270,"금혼식",S16
1271,"프렌드",D25
1272,"레드라인",D22
1273,"브레인 파워",C
1274,"잣",S20
1275,"슈샤",S05
1276,"드림 투 나이트메어",S19
1277,"암피트리온",S18
1278,"인디스트럭터블",S19
1279,"트리튬",S20
1280,"얼론",S01
1281,"쥬핀",D25
1282,"서든 로맨스 [PIU Edit]",D15
1283,"데스티네이션",S17
1284,"클리너",D20
1285,"진공",D25
1286,"락 더 하우스",D13
1287,"오버 더 호라이즌",S20
1288,"알레그로 퓨리오소",S18
1289,"아발란치",S16
1290,"조나단의 꿈",S16
1291,"스타드림 (feat. Romelon)",D11
1292,"네메시스",S16
1293,"파사칼리아",S12
1294,"팬텀 -인터메조-",S19
1295,"락 더 하우스 - SHORT CUT -",S18
1296,"캐논 디",S21
1297,"크로스 레이 (feat. 月下Lia)",S07
1298,"이미지네이션",S15
1299,"오르비트 스테빌라이저",S16
1300,"천년이 지나서",D20
1301,"라이프 이즈 피아노",S10
1302,"스멜스 라이크 어 초콜릿",S06
1303,"파사칼리아",D23
1304,"위엑닥바",D24
1305,"롤링 크리스마스",D22
1306,"슬랩스틱 파르페",S16
1307,"퍼센트 엑스",S18
1308,"레이지 오브 파이어",D17
1309,"요로피쿠 피쿠요로 !",S10
1310,"타이밍",D16
1311,"유령의 축제 2 (Sneak)",S16
1312,"갓 모드 feat. Skizzo",D17
1313,"퀸 오브 더 레드",S07
1314,"베토벤 바이러스",S17
1315,"킬 뎀!",S18
1316,"파이어 오브 데스티니",D22
1317,"바이올렛 퍼퓸",C
1318,"바로크 바이러스 - FULL SONG -",S18
1319,"프라임 타임",S15
1320,"진공 청소기",S25
1321,"데스티네이션",S20
1322,"유어 마인드",D18
1323,"스콜피온 킹",S19
1324,"크로스 레이 (feat. 月下Lia)",D23
1325,"레미니센스",C
1326,"굿 나이트",D06
1327,"킬 뎀!",S15
1328,"롤링 크리스마스",C
1329,"풀 문 - FULL SONG -",S20
1330,"슈브 소토스",S25
1331,"하트 어택",S16
1332,"유토피아",S17
1333,"왈츠 오브 도지",S14
1334,"파이널 오디션 에피소드 2-2",S22
1335,"쇼다운",D11
1336,"파반느",D22
1337,"크로스 오버 feat. LyuU",D19
1338,"스타드림 (feat. Romelon)",D19
1339,"월광",S18
1340,"저스트 홀드 온 (To All Fighters)",S16
1341,"패러독스 - SHORT CUT -",D26
1342,"파사칼리아",S08
1343,"헬파이어",D10
1344,"갓 모드 feat. Skizzo",S18
1345,"펌트리스 꽈뜨로",S13
1346,"김치 핑거즈",D17
1347,"까르멘 버스",D20
1348,"사라반드",D21
1349,"클루",D18
1350,"락 더 하우스",D18
1351,"디그니티",D24
1352,"업 앤 업 (Produced by AWAL)",D18
1353,"펌트리스 꽈뜨로",S20
1354,"리얼리티",S17
1355,"웨딩 크래셔",D19
1356,"캐논 디",S03
1357,"카오스 어게인",D26
1358,"립톤 스트라이크",S16
1359,"스타트 온 레드",S16
1360,"헤드리스 치킨",D17
1361,"라티노 바이러스",S09
1362,"타임 어택 <블루>",S15
1363,"팝 시퀀스",S15
1364,"미토츠다이라",S18
1365,"트래블 투 퓨처",D21
1366,"탄탄멘",D24
1367,"글로리아",D21
1368,"비메라",S24
1369,"이미지네이션",D16
1370,"소서리스 엘리제",D24
1371,"금혼식",S09
1372,"코스미컬 리듬",D15
1373,"월광",S19
1374,"라이프 이즈 피아노",S19
1375,"아드레날린 블래스터",S18
1376,"비트 오브 더 워",D24
1377,"무브 댓 바디!",S12
1378,"틸 디 엔드 오브 타임",S13
1379,"트위스트 오브 페이트 (feat. Ruriling)",S10
1380,"베들램",D24
1381,"아클루오이아스",S15
1382,"아이 원트 유",D18
1383,"베들램",D15
1384,"팔로우 미",S04
1385,"파괴",S09
1386,"필 마이 해피니스",S11
1387,"에브리바디 갓 투 노우",S21
1388,"조나단의 꿈",S18
1389,"겟 유어 그루브 온",D22
1390,"트위스트 오브 페이트 (feat. Ruriling)",D10
1391,"아클루오이아스",D17
1392,"가고일",S07
1393,"립톤 스트라이크",S19
1394,"실루엣 이펙트 - SHORT CUT -",D17
1395,"배니쉬",D10
1396,"굿 나이트",S03
1397,"라라",S14
1398,"베토벤 바이러스",D24
1399,"펌프 미 아마데우스",S18
1400,"캉-캉 ~Orpheus in The Party Mix~",S21
1401,"모멘트 데이",D16
1402,"제로아이즈",D25
1403,"타이밍",D11
1404,"킵 온!",S06
1405,"퍼더",S16
1406,"파이렛",S02
1407,"러브 이즈 어 데인저 존 2 - FULL SONG -",D21
1408,"라 그랑 블루",S12
1409,"네크로맨시",S10
1410,"로키",D20
1411,"요그 소토스",D24
1412,"인디스트럭터블",D15
1413,"유포리아닉 - SHORT CUT -",S10
1414,"포인트 제로 원",S16
1415,"크로싱 델타",D14
1416,"아드레날린 블래스터",D23
1417,"캉-캉 ~Orpheus in The Party Mix~",D23
1418,"키메라",S18
1419,"캐논 디",D23
1420,"페이브 가든",D21
1421,"파이널 오디션 에피소드 2-2",S21
1422,"팝 시퀀스",S21
1423,"설탕음모론",C
1424,"아이스 오브 데스",S11
1425,"레드 스완",S18
1426,"네크로맨시",D23
1427,"V3",S06
1428,"유 갓 미 크레이지",S18
1429,"미스터 라푸스",D16
1430,"가장신자",S09
1431,"하트 래빗 코스터",D18
1432,"시그너스",D23
1433,"스켑틱",D22
1434,"로그인",S20
1435,"스마일 다이어리",S11
1436,"실루엣 이펙트",D20
1437,"오버 더 호라이즌",S14
1438,"태동",S20
1439,"크로스 소울",D12
1440,"마리아",S16
1441,"프라임",D16
1442,"우편마차",S04
1443,"루시드(PIU Edit)",S19
1444,"엑스트리",S20
1445,"요그 소토스",S09
1446,"포세이돈",D16
1447,"크로스 소울",D20
1448,"체이스 미",S03
1449,"트위스트 오브 페이트 (feat. Ruriling)",D17
1450,"더 레볼루션",S19
1451,"텔링 포츈 플라워",S13
1452,"갓 모드 feat. Skizzo",S13
1453,"스마일 다이어리",D09
1454,"텔링 포츈 플라워",S19
1455,"사람들은 몰랐다네",D17
1456,"가장신자",S16
1457,"레드라인",D16
1458,"윈드밀",S08
1459,"클루",S18
1460,"스마일 다이어리",D17
1461,"라스트 리버스",D18
1462,"비트 더 고스트",S20
1463,"1950",S16
1464,"슈샤",S10
1465,"야누스",S12
1466,"배드 애플!! feat. Nomico - FULL SONG -",D22
1467,"디그니티",D17
1468,"스켑틱",S12
1469,"우츠시요 노 카제 feat. Kana",S17
1470,"레드 스완",D22
1471,"비",D23
1472,"겟 업",S21
1473,"천년이 지나서",S18
1474,"바로크 바이러스",D20
1475,"싸이클링!",D16
1476,"치킨 윙",D22
1477,"라이크 미",D20
1478,"립톤 스트라이크",D17
1479,"모페모페",D24
1480,"바이올렛 퍼퓸",D18
1481,"임프린팅",D16
1482,"월광",S08
1483,"라젠스키 캉캉",S20
1484,"이스케이프",D19
1485,"슈퍼 카프리시오",D23
1486,"파이어 누들 챌린지",S23
1487,"제로아이즈",S17
1488,"크로싱 델타",D18
1489,"비트 오브 더 워",S21
1490,"사람들은 몰랐다네",S16
1491,"슬랩스틱 파르페",S19
1492,"브로큰 카르마 (PIU EDIT)",S21
1493,"포스 오브 라",S12
1494,"요그 소토스",D18
1495,"클럽 나이트",D18
1496,"기타 맨",S20
1497,"무혼 2",D21
1498,"캉-캉 ~Orpheus in The Party Mix~",S16
1499,"퍼더",D25
1500,"히페리온",D18
1501,"이미지네이션",S18
1502,"크로스 소울",D24
1503,"라그나로크",D17
1504,"리무버블 디스코",D16
1505,"엑스트라바간자 - SHORT CUT -",D23
1506,"러브 이즈 어 데인저 존(Cranky 믹스)",D20
1507,"유포리아닉 - SHORT CUT -",S04
1508,"텔링 포츈 플라워",D20
1509,"시그너스",S11
1510,"슈가 플럼",D17
1511,"셀피쉬니스",D20
1512,"아이스 오브 데스",D20
1513,"풀 문 - FULL SONG -",S22
1514,"윈드밀",S17
1515,"러브 이즈 어 데인저 존(Cranky 믹스)",D23
1516,"스톰",S04
1517,"트래블 투 퓨처",S11
1518,"아클루오이아스",S17
1519,"더 레볼루션",D22
1520,"리펜턴스",D20
1521,"블랙스완",S16
1522,"굿 나이트",D22
1523,"부크",S16
1524,"네크로맨시",S20
1525,"굿 나이트 - FULL SONG -",S21
1526,"폴른 엔젤",D20
1527,"스콜피온 킹",D20
1528,"유 갓 투 노우",S17
1529,"유 앤 아이",D24
1530,"닥터 엠",S14
1531,"캐논 디",D17
1532,"제로아이즈",D18
1533,"야근",S20
1534,"파파 곤잘레스",S16
1535,"스타드림 (feat. Romelon)",S06
1536,"배드 애플!! feat. Nomico - FULL SONG -",S17
1537,"엑스트라바간자",S13
1538,"뷰티플라이어",S04
1539,"네크로맨시",S18
1540,"클레마티스 랩소디아",D19
1541,"사월",S19
1542,"사월",D17
1543,"라 그랑드 루즈",S20
1544,"팬텀",S19
1545,"이미지네이션",S19
1546,"클레마티스 랩소디아",D16
1547,"유령의 축제 2 (Sneak)",D20
1548,"레이브 언틸 디 어스 엔드",S17
1549,"윈터",S04
1550,"프라임",S16
1551,"레드 스노우",S16
1552,"프라임",S21
1553,"어나이얼레이터 메소드",D20
1554,"헤스티아",D21
1555,"일 더하기 일은 귀요미",S19
1556,"미토츠다이라",D16
1557,"터키 행진곡",S17
1558,"요로피쿠 피쿠요로 !",S05
1559,"배드 애플!! feat. Nomico - FULL SONG -",S14
1560,"아드레날린 블래스터",S15
1561,"가장신자",S21
1562,"엘리제",S16
1563,"크로스 소울",D18
1564,"모노리스",S15
1565,"디제이 오타다",D20
1566,"데인저 & 데인저",D18
1567,"니알라토텝",S21
1568,"하우스플랜",D08
1569,"팔랑크스 "RS2018 edit"",S15
1570,"안녕 윌리엄",S19
1571,"네이팜",D22
1572,"바로크 바이러스",D18
1573,"어웨이크닝",D17
1574,"아이디얼라이즈드 로맨스 ",S16
1575,"립톤 스트라이크",S21
1576,"앵귀시드 언메이킹",D22
1577,"마리아",D21
1578,"아마겟돈",D21
1579,"우라늄",S15
1580,"알레그로 콘 뿌오코 - FULL SONG -",D25
1581,"디 엔드 오브 더 월드 ft. Skizzo",D17
1582,"굿바운스",C
1583,"히페리온",S14
1584,"이그니스 패터스(DM Ashura 믹스) - SHORT CUT -",S21
1585,"비",D24
1586,"실버 비트 feat. ChisaUezono",S13
1587,"몽키 핑거즈",S15
1588,"스텝",S17
1589,"슈퍼 카프리시오",S19
1590,"배니쉬",D13
1591,"디멘트 ~에프터 레전드~",D26
1592,"소서리스 엘리제",C
1593,"테일즈 오브 펌프니아",S09
1594,"블랙 드래곤",S21
1595,"캐논 X.1",S21
1596,"사라반드",D11
1597,"포세이돈 - SHORT CUT -",S18
1598,"날아올라",D19
1599,"테이크 아웃",S07
1600,"고딕 레조넌스",D21
1601,"위치 닥터",D23
1602,"또다른 진심",D09
1603,"니힐리즘 - 어나더 버전 -",S15
1604,"유령의 축제 2 (Sneak)",S18
1605,"팝 시퀀스",S11
1606,"헬릭스",S16
1607,"레미니센스",D17
1608,"인피니티",S18
1609,"킵 온!",D21
1610,"레이브 언틸 디 어스 엔드",S15
1611,"이스케이프",D26
1612,"레이디버그",D14
1613,"까랴위사따",S20
1614,"미스터 라푸스",S05
1615,"돌리 키스",D21
1616,"캐논 디",D12
1617,"헬파이어",S11
1618,"러브 이즈 어 데인저 존",D17
1619,"저스트 홀드 온 (To All Fighters)",D15
1620,"웨딩 크래셔",S21
1621,"여래아",S08
1622,"유 갓 미 락킹",D17
1623,"비트 오브 더 워 2",S21
1624,"아발란치",S11
1625,"프라임 타임",D23
1626,"데사파레세르",S22
1627,"인피니티",D19
1628,"탄탄멘",D13
1629,"스마일 다이어리",S16
1630,"퀸 오브 더 레드",S12
1631,"슈퍼 스타일린",S17
1632,"갓 모드 feat. Skizzo",D09
1633,"네오 카타르시스",D27
1634,"레퀴엠",D23
1635,"스프레이",S04
1636,"하트 래빗 코스터",D22
1637,"HTTP",D19
1638,"어웨이크닝",S19
1639,"러브 이즈 어 데인저 존 pt.2 - SHORT CUT -",D23
1640,"레이디버그",S14
1641,"차이니즈 레스토랑",S16
1642,"하트 래빗 코스터",D13
1643,"에프 에프 에프",S22
1644,"러브 이즈 어 데인저 존(Cranky 믹스)",D16
1645,"유니크",S16
1646,"디그니티",S04
1647,"실루엣 이펙트",S18
1648,"파파시토 (feat.  KuTiNA)",D19
1649,"슈브 니구라스",D23
1650,"다람쥐 헌 쳇바퀴에 타고파",S11
1651,"테일즈 오브 펌프니아",D21
1652,"천년이 지나서",S19
1653,"오블리터레이션",S15
1654,"체이스 미 - FULL SONG -",S19
1655,"레미니센스",S18
1656,"클루",D20
1657,"스타트 온 레드",S19
1658,"파이널 오디션 에피소드 1",D23
1659,"잣",D23
1660,"인디스트럭터블",S12
1661,"패러독스",S23
1662,"포스 오브 라",S17
1663,"오벨리스크",D17
1664,"스타더스트 오버드라이브",S18
1665,"마이 드림즈",S19
1666,"로키",S12
1667,"러브 이즈 어 데인저 존 2 Try To B.P.M",D23
1668,"아리랑",S19
1669,"듀얼 레이싱 <레드 vs 블루>",D21
1670,"팬텀",S13
1671,"더 레버리",S19
1672,"아드레날린 블래스터",C
1673,"그녀는 피자를 좋아해",D23
1674,"위치 닥터",D19
1675,"스마일 다이어리",D19
1676,"베들램",S15
1677,"데사파레세르",D19
1678,"파이어 누들 챌린지",D25
1679,"유 갓 미 락킹",S09
1680,"우츠시요 노 카제 feat. Kana",S20
1681,"트위스트 오브 페이트 (feat. Ruriling)",C
1682,"데인저 & 데인저",S19
1683,"러브 이즈 어 데인저 존(Cranky 믹스)",S14
1684,"파이널 오디션 2",S18
1685,"클루",S16
1686,"파괴",S12
1687,"불카누스",S22
1688,"테프리스",D20
1689,"요로피쿠 피쿠요로 !",S15
1690,"파이어 오브 데스티니",S20
1691,"요그 소토스",S16
1692,"아이올라이트 스카이",S10
1693,"하드코어 오브 더 노스",D15
1694,"스타드림 (feat. Romelon)",C
1695,"1949",D26
1696,"굿 나이트 - FULL SONG -",S24
1697,"파이널 오디션 에피소드 2-2",D23
1698,"타이밍",D19
1699,"헬릭스",S18
1700,"유령의 축제 2 (Sneak)",D17
1701,"윈터 - SHORT CUT -",S06
1702,"이미지네이션",S12
1703,"배니쉬",S06
1704,"팬텀 -인터메조-",S16
1705,"레드 스노우",S11
1706,"오르비트 스테빌라이저",S21
1707,"터키 행진곡 -미니멀튠즈-",S17
1708,"위치 닥터 - SHORT CUT -",S14
1709,"키메라",S19
1710,"싸이클링!",S19
1711,"더 레볼루션",D19
1712,"알레그로 콘 뿌오코 - FULL SONG -",D21
1713,"셀피쉬니스",S17
1714,"스켑틱",D14
1715,"레이디버그",C
1716,"브링 백 더 비트",S17
1717,"러브 이즈 어 데인저 존(Cranky 믹스)",S17
1718,"아발란퀴엠",D25
1719,"데인저 & 데인저",S16
1720,"사월",D21
1721,"진공 청소기",S16
1722,"헤스티아",S19
1723,"크리스마스의 기억",D15
1724,"코스믹 레일로드",D13
1725,"배드 애플!! feat. Nomico",S01
1726,"요그 소토스",S17
1727,"클레마티스 랩소디아",S15
1728,"라크리모사",D09
1729,"아드레날린 블래스터",D19
1730,"알레그로 콘 뿌오코",S10
1731,"돌리 키스",S17
1732,"패스터 Z",S21
1733,"V3",D18
1734,"테일즈 오브 펌프니아",S12
1735,"히페리온",D20
1736,"포인트 제로 2",S11
1737,"얼티메이텀",D27
1738,"가장신자",D24
1739,"타임 어택 <블루>",D16
1740,"싸이클링!",S16
1741,"라이크 미",S06
1742,"비",S19
1743,"알레그로 퓨리오소",D15
1744,"위 갓 투 노우",C
1745,"임프린팅",D14
1746,"니힐리즘 - 어나더 버전 -",D19
1747,"아드레날린 블래스터",S21
1748,"비주얼 드림 2 (인 픽션)",S18
1749,"HTTP",D24
1750,"폴른 엔젤",D16
1751,"클럽 나이트",D21
1752,"진공 청소기",S20
1753,"라이징 스타",S11
1754,"네메시스",D20
1755,"아마이 유우와쿠 데인저러스",S06
1756,"모멘트 데이",S10
1757,"1950",D25
1758,"저스트 홀드 온 (To All Fighters)",D19
1759,"라이프 이즈 피아노",D21
1760,"유포리아닉 - SHORT CUT -",S07
1761,"블랙스완",S19
1762,"조나단의 꿈",D15
1763,"싸이클링!",S10
1764,"트래블 투 퓨처",D18
1765,"캄파넬라",S10
1766,"여래아",D10
1767,"스타더스트 오버드라이브",D19
1768,"니알라토텝",D20
1769,"BS파워 익스플로전",D13
1770,"앵귀시드 언메이킹",S18
1771,"리더",D26
1772,"키메라",D22
1773,"힙노시스(SynthWulf 믹스)",S20
1774,"소서리스 엘리제",S18
1775,"네크로맨시",D15
1776,"비",S17
1777,"사월 - SHORT CUT -",S16
1778,"마카롱 데이",S17
1779,"카프리스 오브 오타다",S17
1780,"아클루오이아스",D14
1781,"디그니티",D20
1782,"바로크 바이러스",D13
1783,"팝 더 트랙",S16
1784,"아스테리오스 -리엔트리-",S14
1785,"라크리모사",S03
1786,"디제이 오타다",S19
1787,"우라늄",D24
1788,"유니크",D16
1789,"바로크 바이러스 - FULL SONG -",S15
1790,"슈퍼 스타일린",D21
1791,"가장신자 - SHORT CUT -",S20
1792,"레드 스노우",D22
1793,"로봇 배틀",D24
1794,"마리아",S18
1795,"비트 오브 더 워 2",S17
1796,"헬릭스",D16
1797,"일 더하기 일은 귀요미",S15
1798,"캐논 디 - FULL SONG -",S17
1799,"포스 오브 라",S08
1800,"오벨리스크",S10
1801,"라 그랑 블루",D10
1802,"어웨이크닝",S16
1803,"버터플라이",S13
1804,"위엑닥바",S21
1805,"매드 사이언스",D16
1806,"브링 백 더 비트",S19
1807,"왈츠 오브 도지",S19
1808,"서든 로맨스 [PIU Edit]",S06
1809,"트위스트 오브 페이트 (feat. Ruriling)",D21
1810,"슬램",D22
1811,"리얼리티",S09
1812,"돌리 키스",D16
1813,"젓가락 변주곡",S17
1814,"어웨이크닝",S14
1815,"오버블로우",S20
1816,"윌 오 더 위스프",S19
1817,"팝 더 트랙",S18
1818,"조깅",S03
1819,"브로큰 카르마 (PIU EDIT)",S11
1820,"천년이 지나서",D14
1821,"브로큰 카르마 (PIU EDIT)",D20
1822,"러브 이즈 어 데인저 존(Cranky 믹스)",S21
1823,"프라임",S07
1824,"치킨 윙",S21
1825,"유 갓 미 크레이지",S17
1826,"퀸 오브 더 레드",D14
1827,"오블리터레이션",D16
1828,"스마일 다이어리",S04
1829,"야누스",D14
1830,"하늘다람쥐",S25
1831,"포세이돈 - SHORT CUT -",S21
1832,"금혼식",D17
1833,"니알라토텝",D25
1834,"포스 오브 라",S19
1835,"파이어 오브 데스티니",S18
1836,"파파시토 (feat.  KuTiNA)",D18
1837,"위키드 레전드",D18
1838,"블랙스완",D15
1839,"오르비트 스테빌라이저",D21
1840,"레퀴엠",S19
1841,"일 더하기 일은 귀요미",D17
1842,"아클루오이아스",S09
1843,"시간의 회랑 라비린스",S15
1844,"파이널 오디션 에피소드 2-X - SHORT CUT -",S20
1845,"아스테리오스 -리엔트리-",S17
1846,"와라유도인?",D23
1847,"키메라",S04
1848,"포가튼 뱀파이어",S06
1849,"1949",D22
1850,"치킨 윙",S17
1851,"파반느",D17
1852,"퍼더",D17
1853,"추격",S04
1854,"일 더하기 일은 귀요미",S08
1855,"겟 업",D23
1856,"왓 해픈드",S21
1857,"싸이클링!",D20
1858,"치킨 윙",S09
1859,"아마겟돈",S10
1860,"무브 댓 바디!",S20
1861,"헬파이어",D19
1862,"캐논 디 - FULL SONG -",S15
1863,"야누스",C
1864,"듀얼 레이싱 <레드 vs 블루>",S16
1865,"설탕음모론",S19
1866,"1949",D28
1867,"인터퍼런스",S18
1868,"유 갓 미 락킹",S18
1869,"위 갓 투 노우",S17
1870,"치킨 윙",S11
1871,"라이징 스타",D19
1872,"아마이 유우와쿠 데인저러스",D15
1873,"비",D20
1874,"메테오 사이언스 (GADGET mix)",S21
1875,"아이 원트 유",D14
1876,"히페리온 - SHORT CUT -",S16
1877,"엑시던트",S18
1878,"브로큰 카르마 (PIU EDIT)",D23
1879,"XX 오프닝 - SHORT CUT -",S16
1880,"프라임",S18
1881,"크리스마스의 기억",D09
1882,"라그나로크",S16
1883,"갤럭시 컬랩스",D13
1884,"팝 시퀀스",D19
1885,"슈브 니구라스",D26
1886,"브레이크 잇 다운",D21
1887,"아이올라이트 스카이",D18
1888,"아발란치",D19
1889,"레미니센스",S10
1890,"하우스플랜",S06
1891,"오르비트 스테빌라이저",S19
1892,"슬램",S05
1893,"뷰티플라이어",S02
1894,"헝가리 무곡 V",S09
1895,"슈가 플럼",D20
1896,"사월 - SHORT CUT -",D23
1897,"파괴",D14
1898,"소서리스 엘리제",S17
1899,"아이 원트 유",S12
1900,"알테일",S06
1901,"왈츠 오브 도지",D20
1902,"파이널 오디션",S18
1903,"매드 사이언스",S15
1904,"스텝",S13
1905,"리키지 볼티지",D23
1906,"타임 어택 <블루>",S18
1907,"유포리아닉 - SHORT CUT -",D12
1908,"라그나로크",S12
1909,"탑 시티",D21
1910,"셀피쉬니스",D18
1911,"슈샤",D17
1912,"까르멘 버스",S12
1913,"윈터",D14
1914,"패스터 Z",S19
1915,"라티노 바이러스",S17
1916,"서든 로맨스 [PIU Edit]",D19
1917,"클럽 나이트",D23
1918,"유어 마인드",S15
1919,"엑시던트",S13
1920,"파파시토 (feat.  KuTiNA) - FULL SONG -",D14
1921,"하이퍼큐브",S15
1922,"하드코어 오브 더 노스",S07
1923,"이그니스 패터스(DM Ashura 믹스)",S16
1924,"라이프 이즈 피아노",D11
1925,"비메라 - SHORT CUT -",S22
1926,"레이브 언틸 디 어스 엔드",S19
1927,"요그 소토스",D25
1928,"알레그로 퓨리오소",S14
1929,"하이퍼큐브",D15
1930,"싸이클링!",S07
1931,"유토피아",S10
1932,"배드 애플!! feat. Nomico",C
1933,"롤링 크리스마스",S17
1934,"모멘트 데이",S15
1935,"아리랑",D22
1936,"알레그로 콘 뿌오코",S07
1937,"로그인",D19
1938,"디제이 오타다",D22
1939,"레퀴엠",S16
1940,"레이브 언틸 디 어스 엔드",D20
1941,"트로피카닉",D06
1942,"왈츠 오브 도지",S08
1943,"배드 애플!! feat. Nomico - FULL SONG -",D18
1944,"팔로우 미",D17
1945,"클루",D21
1946,"레드라인",S16
1947,"팔랑크스 "RS2018 edit"",D13
1948,"아스테리오스 -리엔트리-",D18
1949,"암피트리온",S11
1950,"V3",S14
1951,"프라임 타임",D20
1952,"굿 나이트",D19
1953,"라티노 바이러스",S07
1954,"블랙 드래곤",S17
1955,"패러독스",D25
1956,"팝 시퀀스",S07
1957,"테프리스",S07
1958,"필 마이 해피니스",D18
1959,"포가튼 뱀파이어",D20
1960,"탄탄멘",D20
1961,"레이지 오브 파이어",D19
1962,"포인트 제로 2",D22
1963,"캐논 X.1",S13
1964,"시그너스",D21
1965,"아발란치",D20
1966,"바이올렛 퍼퓸",S04
1967,"디 엔드 오브 더 월드 ft. Skizzo",D22
1968,"에프 에프 에프",C
1969,"까르멘 버스",D22
1970,"돌리 키스",S14
1971,"V3",S09
1972,"레미니센스",D11
1973,"야누스",S08
1974,"니힐리즘 - 어나더 버전 -",D17
1975,"이그니스 패터스(DM Ashura 믹스)",S12
1976,"유토피아",D18
1977,"니힐리즘 - 어나더 버전 -",D22
1978,"제로아이즈",D22
1979,"하트 래빗 코스터",D25
1980,"캉-캉 ~Orpheus in The Party Mix~",D18
1981,"트라이브 어택커",D10
1982,"매지컬 베케이션",D18
1983,"치킨 윙",S06
1984,"오르비트 스테빌라이저",D23
1985,"배드 애플!! feat. Nomico - FULL SONG -",D12
1986,"타임 어택 <블루>",D20
1987,"틸 디 엔드 오브 타임",D10
1988,"클럽 나이트",D12
1989,"포스 오브 라",D20
1990,"스마일 다이어리",S19
1991,"인피니티",D10
1992,"펌트리스 꽈뜨로",S07
1993,"ㅁㄴㅇㄹ",S17
1994,"헝가리 무곡 V",D21
1995,"히아신스",S18
1996,"팝 시퀀스",S05
1997,"헤드리스 치킨",S15
1998,"디제이 오타다",S17
1999,"스타더스트 오버드라이브",S16
2000,"락 더 하우스",D11
2001,"니알라토텝 - SHORT CUT -",D24
2002,"아이 원트 유",D22
2003,"파이어 오브 데스티니",S16
2004,"하늘다람쥐",S19
2005,"어웨이크닝",D09
2006,"설탕음모론",D11
2007,"클리너 - SHORT CUT -",D22
2008,"스위트로닉",D22
2009,"멘탈 라이더",D22
2010,"차이니즈 레스토랑",S10
2011,"프라임 오프닝 - SHORT CUT -",C
2012,"힙노시스(SynthWulf 믹스)",S17
2013,"알레그로 콘 뿌오코",S05
2014,"히글디 피글디",S19
2015,"하트 어택",S18
2016,"알레그로 피유 모쏘",S19
2017,"마타도르",D19
2018,"김치 핑거즈",D21
2019,"오벨리스크",C
2020,"도나텔로",D22
2021,"저스트 홀드 온 (To All Fighters)",S11
2022,"네크로맨시",S07
2023,"트란사칼리아",S11
2024,"무혼 1.5",S16
2025,"테프리스",C
2026,"트리튬",D21
2027,"V3",D21
2028,"헬파이어",S07
2029,"캇코이",S14
2030,"라이프 이즈 피아노",S07
2031,"도나텔로",D18
2032,"스텝",D18
2033,"갓 모드 2.0 feat. Skizzo",S21
2034,"드림 투 나이트메어",D22
2035,"스타더스트 오버드라이브",D16
2036,"파사칼리아",D18
2037,"코스미컬 리듬",S14
2038,"레미니센스",S16
2039,"리더",S18
2040,"캄파넬라",S16
2041,"데스티네이션",S07
2042,"블레이징",D21
2043,"저스트 홀드 온 (To All Fighters)",S07
2044,"가고일 - FULL SONG -",D25
2045,"에프 에프 에프",D24
2046,"키티 캣",S14
2047,"유 갓 미 크레이지",S10
2048,"마왕",S19
2049,"캄파넬라",D17
2050,"데사파레세르",D25
2051,"탄탄멘",C
2052,"힙노시스(SynthWulf 믹스)",D19
2053,"첫사랑",D15
2054,"레드라인",S11
2055,"불카누스",D24
2056,"베들램",S18
2057,"스톰",S02
2058,"트리튬",S17
2059,"몽키 핑거즈",S10
2060,"앵귀시드 언메이킹",S15
2061,"라그나로크",D09
2062,"여래아",D07
2063,"아르카나 포스",S09
2064,"크로싱 델타",D21
2065,"댄스 위드 미",S15
2066,"아발란퀴엠",S23
2067,"모멘트 데이",S17
2068,"팝 더 트랙",S10
2069,"토카타",S11
2070,"테프리스",D11
2071,"실버 비트 feat. ChisaUezono",S18
2072,"테일즈 오브 펌프니아",D14
2073,"매지컬 베케이션",S18
2074,"날아올라",S03
2075,"헬릭스",S19
2076,"디스트릭트 1",S10
2077,"까르멘 버스",D13
2078,"라젠스키 캉캉",D18
2079,"모노리스",D22
2080,"유니크",S14
2081,"치킨 윙 - SHORT CUT -",S20
2082,"테크 -클럽 코펜하겐-",S18
2083,"매지컬 베케이션",S16
2084,"트라이브 어택커",D17
2085,"롤링 크리스마스",S12
2086,"가장신자 - SHORT CUT -",D21
2087,"배드 애플!! feat. Nomico - FULL SONG -",C
2088,"네이팜",S15
2089,"라 그랑드 루즈",S13
2090,"아이스 오브 데스",S07
2091,"파파 곤잘레스",D24
2092,"바로크 바이러스 - FULL SONG -",D23
2093,"웨딩 크래셔 - SHORT CUT -",S11
2094,"파이어 오브 데스티니",S10
2095,"슬램",S07
2096,"트란사칼리아",D20
2097,"헤드리스 치킨",D21
2098,"바로크 바이러스 - FULL SONG -",D20
2099,"마이 드림즈",D22
2100,"루시드(PIU Edit)",D20
2101,"슬랩스틱 파르페",D21
2102,"엑스 레이브",D21
2103,"키티 캣",D06
2104,"라 그랑 블루",S07
2105,"슬램",D09
2106,"스프레이",S02
2107,"인디스트럭터블",S09
2108,"롤링 크리스마스",S08
2109,"반야-P 기타 리믹스",S22
2110,"캇코이",D15
2111,"윈드밀",D14
2112,"브레인 파워",S03
2113,"라스트 리버스",S05
2114,"오버 더 호라이즌",S17
2115,"풀 문",S04
2116,"스멜스 라이크 어 초콜릿",D17
2117,"아이스 오브 데스",D17
2118,"1950",D22
2119,"데스티네이션",D15
2120,"에러코드: 0",D24
2121,"차이니즈 레스토랑",S07
2122,"유 앤 아이",S01
2123,"라그나로크",S08
2124,"미션 파서블",S19
2125,"파이널 오디션 에피소드 1",S21
2126,"킵 온!",D13
2127,"아르카나 포스",D10
2128,"퍼센트 엑스",D09
2129,"V3",D10
2130,"파파시토 (feat.  KuTiNA) - FULL SONG -",S12
2131,"힙노시스(SynthWulf 믹스)",D22
2132,"금혼식",D20
2133,"마이웨이",S15
2134,"키티 캣",D15
2135,"오! 로사",S14
2136,"오블리터레이션",S18
2137,"디스트릭트 1",C
2138,"파이널 오디션 에피소드 2-2",D24
2139,"브레이크 아웃",S08
2140,"크로싱 델타",C
2141,"베토벤 바이러스",D21
2142,"슬랩스틱 파르페",D18
2143,"모페모페",C
2144,"유 어게인 마이 러브",D15
2145,"웨딩 크래셔 - SHORT CUT -",S07
2146,"트란사칼리아",D18
2147,"패스터 Z",D21
2148,"오벨리스크",S07
2149,"엑스트림",S18
2150,"일 더하기 일은 귀요미",D21
2151,"몽키 핑거즈",S06
2152,"디",D20
2153,"VVV ",S18
2154,"클리너",S07
2155,"팝 더 트랙",C
2156,"갓 모드 2.0 feat. Skizzo",S13
2157,"엠페러",C
2158,"에프 에프 에프",S13
2159,"밀키 웨이 갤럭시",S11
2160,"캉-캉 ~Orpheus in The Party Mix~ - SHORT CUT -",D15
2161,"닥터 엠",S09
2162,"펌프 미 아마데우스",S06
2163,"엘리제",S21
2164,"터키 행진곡",S03
2165,"힙노시스(SynthWulf 믹스)",D15
2166,"우편마차",C
2167,"토카타",S17
2168,"윈터 - SHORT CUT -",S16
2169,"어웨이크닝",D20
2170,"포세이돈",D22
2171,"어나이얼레이터 메소드",D15
2172,"위키드 레전드",D21
2173,"유 어게인 마이 러브",S14
2174,"헤드리스 치킨",C
2175,"패러독스",D28
2176,"마왕",S04
2177,"다람쥐 헌 쳇바퀴에 타고파",D24
2178,"리펜턴스",S10
2179,"차이니즈 레스토랑",D19
2180,"파파시토 (feat.  KuTiNA) - FULL SONG -",D20
2181,"리키지 볼티지",S21
2182,"또다른 진심",S04
2183,"마타도르",S07
2184,"사라반드",S02
2185,"팬텀",S18
2186,"파이널 오디션 3",S16
2187,"캐논 디 - FULL SONG -",D23
2188,"리피토먼트 리믹스",D22
2189,"오버블로우2",S18
2190,"슈가 플럼",S04
2191,"클럽 나이트",C
2192,"테이크 아웃",D19
2193,"유 갓 투 노우",S19
2194,"레미니센스",D20
2195,"디스트릭트 1",D21
2196,"포세이돈",D08
2197,"어나이얼레이터 메소드",S11
2198,"무혼",D10
2199,"암피트리온",D21
2200,"파파시토 (feat.  KuTiNA) - FULL SONG -",S22
2201,"슈퍼 판타지",S04
2202,"웨딩 크래셔",C
2203,"트라이브 어택커",S09
2204,"리더",S24
2205,"무브 댓 바디!",S17
2206,"케이.오.에이 : 엘리스 인 원더월드",S17
2207,"모노리스",D14
2208,"파이널 오디션 에피소드 2-X",S17
2209,"더 레버리",D12
2210,"멘탈 라이더",D20
2211,"데인저 & 데인저",S12
2212,"왈츠 오브 도지",D12
2213,"앵귀시드 언메이킹",D19
2214,"시간의 회랑 라비린스",S09
2215,"윈드밀",D18
2216,"데인저 & 데인저",D21
2217,"하이퍼큐브",S17
2218,"루시드(PIU Edit)",D23
2219,"리더",S21
2220,"퀸 오브 더 레드",D16
2221,"텔링 포츈 플라워",D26
2222,"요그 소토스",C
2223,"킬 뎀!",D19
2224,"슈퍼 판타지",D22
2225,"아마이 유우와쿠 데인저러스",S14
2226,"슈브 니구라스 - SHORT CUT -",D23
2227,"어나이얼레이터 메소드",S16
2228,"하트 래빗 코스터",C
2229,"러브 이즈 어 데인저 존",S11
2230,"프렌드",D12
2231,"오블리터레이션",D19
2232,"브레이크 아웃",S16
2233,"미스터 라푸스",D23
2234,"포세이돈",S10
2235,"위치 닥터 #1",D21
2236,"요그 소토스 - SHORT CUT -",S21
2237,"로봇 배틀",S19
2238,"차이니즈 레스토랑",S18
2239,"라젠스키 캉캉",D22
2240,"퍼더",D22
2241,"라젠스키 캉캉",S12
2242,"테이크 아웃",D23
2243,"마카롱 데이",D18
2244,"허쉬",S15
2245,"모멘트 데이",D11
2246,"터키 행진곡",S19
2247,"트래블 투 퓨처",D13
2248,"아드레날린 블래스터",S08
2249,"아스테리오스 -리엔트리-",S10
2250,"알레그로 콘 뿌오코",D18
2251,"팬텀",D19
2252,"아이디얼라이즈드 로맨스 ",D18
2253,"헝가리 무곡 V",S06
2254,"히페리온 - SHORT CUT -",S20
2255,"사라반드 - SHORT CUT -",S17
2256,"엑스 레이브",S17
2257,"퀸 오브 더 레드",D19
2258,"메테오라이즈",S16
2259,"미토츠다이라",S15
2260,"인피니티",S10
2261,"히아신스",D24
2262,"트리튬",S12
2263,"파이널 오디션",S07
2264,"마카롱 데이",S12
2265,"실버 비트 feat. ChisaUezono",D08
2266,"펌트리스 꽈뜨로",D20
2267,"머니",S14
2268,"퍼센트 엑스",S10
2269,"아스테리오스 -리엔트리-",S19
2270,"클리너 - SHORT CUT -",S21
2271,"파이어 누들 챌린지",S15
2272,"블랙 드래곤",D17
2273,"포세이돈 - SHORT CUT -",S14
2274,"네메시스",D12
2275,"천년이 지나서",S04
2276,"립톤 스트라이크",S10
2277,"모페모페",D25
2278,"팔로우 미",C
2279,"데인저 & 데인저",D14
2280,"라 그랑드 루즈",S18
2281,"레이브 언틸 디 어스 엔드",D14
2282,"파이널 오디션 에피소드 2-1",S21
2283,"브로큰 카르마 (PIU EDIT)",D13
2284,"가장신자",D19
2285,"캇코이",S18
2286,"점프",D18
2287,"트래블 투 퓨처",S07
2288,"라이징 스타",S06
2289,"키티 캣",C
2290,"브레이크 아웃",S19
2291,"리피토먼트 리믹스",S18
2292,"아스테리오스 -리엔트리-",D22
2293,"마타도르",D16
2294,"레이지 오브 파이어",C
2295,"우편마차",D16
2296,"미션 파서블 -블로우 백-",D21
2297,"파파시토 (feat.  KuTiNA) - FULL SONG -",D23
2298,"엘리제",D17
2299,"펌트리스 꽈뜨로",D22
2300,"디",S18
2301,"일 더하기 일은 귀요미",S11
2302,"건 락",S17
2303,"테이크 아웃",D13
2304,"블랙스완",D22
2305,"베토벤 인플루엔자",S18
2306,"가장신자",S07
2307,"립톤 스트라이크",D21
2308,"펌프 미 아마데우스",D15
2309,"실버 비트 feat. ChisaUezono",S16
2310,"업 앤 업 (Produced by AWAL)",S08
2311,"슬램",S09
2312,"코스미컬 리듬",S08
2313,"또다른 진심",D19
2314,"갓 모드 feat. Skizzo",D21
2315,"아리랑",D15
2316,"스텝",D20
2317,"부크",S10
2318,"풀 문",C
2319,"오르비트 스테빌라이저",D18
2320,"윈터",D17
2321,"킬 뎀!",S10
2322,"메테오라이즈",S18
2323,"아드레날린 블래스터",S05
2324,"요로피쿠 피쿠요로 !",D16
2325,"코스미컬 리듬",D19
2326,"위 갓 투 노우",D18
2327,"윈터 - SHORT CUT -",S11
2328,"팬텀 -인터메조-",D17
2329,"오벨리스크",D12
2330,"셋 미 업",D17
2331,"필 마이 해피니스",D06
2332,"프라임",D21
2333,"까랴위사따",D22
2334,"베들램",S08
2335,"레미니센스",S06
2336,"스타트 온 레드",D19
2337,"엘리시움",S14
2338,"틸 디 엔드 오브 타임",S17
2339,"제네시스",S18
2340,"팔랑크스 "RS2018 edit"",S11
2341,"하우스플랜",D19
2342,"프렌드",D21
2343,"위치 닥터 - SHORT CUT -",S20
2344,"데스티네이션",S19
2345,"유 갓 투 노우",D18
2346,"퍼더",D14
2347,"멘탈 라이더",S21
2348,"시그너스",S07
2349,"무혼",S18
2350,"포가튼 뱀파이어",D11
2351,"스위트로닉",S03
2352,"트리튬",D14
2353,"닥터 엠",S10
2354,"리더",D22
2355,"슈퍼 스타일린",D10
2356,"이미지네이션",D21
2357,"팝 더 트랙",S07
2358,"아이스 오브 데스",C
2359,"유니크",S06
2360,"닥터 엠",S16
2361,"꺼림칙한",C
2362,"슈퍼 카프리시오",D11
2363,"롤링 크리스마스",D16
2364,"슈가 플럼",D11
2365,"유 갓 미 크레이지",D18
2366,"헤스티아",S07
2367,"히아신스",D20
2368,"무혼 1.5",D18
2369,"레드라인",S18
2370,"러브 이즈 어 데인저 존 2 Try To B.P.M",S21
2371,"파파시토 (feat.  KuTiNA)",D21
2372,"디스트릭트 1",S06
2373,"바버스 매드니스",C
2374,"업 앤 업 (Produced by AWAL)",D10
2375,"무혼 2",D20
2376,"패스터 Z",S16
2377,"사라반드 - SHORT CUT -",S19
2378,"포스 오브 라",D12
2379,"펌트리스 8비트 ver. - SHORT CUT -",D22
2380,"오르비트 스테빌라이저",S13
2381,"오버블로우2",S15
2382,"아마이 유우와쿠 데인저러스",D10
2383,"슈가 플럼",C
2384,"파이널 오디션 에피소드 2-1",D23
2385,"프라임 오프닝 - SHORT CUT -",S15
2386,"우츠시요 노 카제 feat. Kana",D18
2387,"요그 소토스 - SHORT CUT -",S18
2388,"듀얼 레이싱 <레드 vs 블루>",D19
2389,"조나단의 꿈",D13
2390,"몽키 핑거즈",D17
2391,"팝 더 트랙",D20
2392,"프라임 타임",D26
2393,"모노리스",D17
2394,"하늘다람쥐",D24
2395,"로키",D12
2396,"패싱 라이더",S19
2397,"비메라 - SHORT CUT -",S21
2398,"디 엔드 오브 더 월드 ft. Skizzo",S08
2399,"제로아이즈",S12
2400,"첫사랑",S12
2401,"B2",S16
2402,"트리튬",D19
2403,"하이 바이",D21
2404,"인피니티",C
2405,"컴 투 미",S13
2406,"스타 커맨드",S13
2407,"체이스 미 - FULL SONG -",D25
2408,"오이 오이 오이",S14
2409,"아마이 유우와쿠 데인저러스",S11
2410,"라라",D16
2411,"젓가락 변주곡",S12
2412,"마왕",D15
2413,"아스테리오스 -리엔트리-",S06
2414,"네이팜",D16
2415,"엠페러",D17
2416,"필 마이 해피니스",S04
2417,"하늘다람쥐",S21
2418,"브레이크 잇 다운",S14
2419,"위키드 레전드",D12
2420,"레드 스노우",D18
2421,"폴른 엔젤",S11
2422,"아이올라이트 스카이",D11
2423,"윌 오 더 위스프",D21
2424,"미션 파서블 -블로우 백-",S19
2425,"아이올라이트 스카이",D21
2426,"파이널 오디션 에피소드 2-2",S18
2427,"풀 문",S02
2428,"시그너스",D12
2429,"캐논 X.1",D22
2430,"아이디얼라이즈드 로맨스 ",S18
2431,"스위트로닉 - SHORT CUT -",S14
2432,"업 앤 업 (Produced by AWAL)",D21
2433,"갓 모드 2.0 feat. Skizzo",D22
2434,"네메시스",C
2435,"스콜피온 킹",S08
2436,"파이널 오디션",S10
2437,"레드 스완",D20
2438,"슈퍼 판타지 - SHORT CUT -",S19
2439,"무혼",S17
2440,"라젠스키 캉캉",S07
2441,"버터플라이",D08
2442,"네이티브",S17
2443,"엑스트리",D22
2444,"헝가리 무곡 V",D17
2445,"아이디얼라이즈드 로맨스 ",S11
2446,"갓 모드 2.0 feat. Skizzo",D20
2447,"우라늄",S09
2448,"코스미컬 리듬",S06
2449,"위치 닥터",S17
2450,"고딕 레조넌스",D13
2451,"리키지 볼티지",S15
2452,"월광",D20
2453,"트란사칼리아",D13
2454,"더 레버리",S08
2455,"헤스티아",D12
2456,"멘탈 라이더",S16
2457,"모멘트 데이",D18
2458,"더 레볼루션",S07
2459,"위 갓 투 노우",S09
2460,"스타 커맨드",S15
2461,"오버 더 호라이즌",D14
2462,"인터퍼런스",S12
2463,"차이니즈 레스토랑",C
2464,"마리아",S12
2465,"허쉬",D07
2466,"밀키 웨이 갤럭시",S06
2467,"소서리스 엘리제",D13
2468,"서든 로맨스 [PIU Edit]",D09
2469,"슈샤",S03
2470,"마타도르",S10
2471,"하이퍼큐브",D19
2472,"VVV ",D17
2473,"하트 어택",D18
2474,"일 더하기 일은 귀요미",C
2475,"아발란치",C
2476,"러브 이즈 어 데인저 존 pt.2",D18
2477,"스타트 온 레드",D20
2478,"히글디 피글디",S15
2479,"엑스트라바간자",D21
2480,"허쉬",D15
2481,"레드 스완",S09
2482,"파이어 누들 챌린지",S19
2483,"마리아",D16
2484,"비트 오브 더 워 2",S11
2485,"차이니즈 레스토랑",D11
2486,"헬릭스",D19
2487,"데스티네이션 - SHORT CUT -",S15
2488,"아크 오브 다크니스",S15
2489,"풀 문 - FULL SONG -",D24
2490,"블레이징",S09
2491,"헬릭스",S11
2492,"부크",S18
2493,"카프리스 오브 오타다",S19
2494,"날아올라",S01
2495,"알레그로 콘 뿌오코",D11
2496,"키티 캣",S05
2497,"레드 스노우",D21
2498,"브레이크 아웃",S12
2499,"블레이즈 이모션",S17
2500,"테크 -클럽 코펜하겐-",D17
2501,"서든 로맨스 [PIU Edit]",S09
2502,"락 더 하우스 - SHORT CUT -",S15
2503,"파이널 오디션 3",D19
2504,"더 레버리",S05
2505,"디그니티 - FULL SONG -",S19
2506,"가장신자",D12
2507,"스위트로닉 - SHORT CUT -",S17
2508,"슬랩스틱 파르페",S03
2509,"마타도르",D22
2510,"키메라",D18
2511,"디스트릭트 1",D12
2512,"레퀴엠",D10
2513,"설탕음모론",S03
2514,"타이밍",S04
2515,"프라임",D18
2516,"매지컬 베케이션",C
2517,"왈츠 오브 도지",D18
2518,"파이널 오디션 3",S17
2519,"무혼",D17
2520,"슈퍼 카프리시오",S04
2521,"비주얼 드림 2 (인 픽션)",S16
2522,"투우사의 노래",S17
2523,"스트리트 쇼다운",S16
2524,"매지컬 베케이션",S06
2525,"슈퍼 판타지 - SHORT CUT -",D17
2526,"고딕 레조넌스",S11
2527,"리펜턴스",D13
2528,"오블리터레이션",S07
2529,"패싱 라이더",S16
2530,"스콜피온 킹",D10
2531,"슬랩스틱 파르페",D13
2532,"엑스트림",S15
2533,"디제이 오타다",S10
2534,"스위트로닉",C
2535,"러브 이즈 어 데인저 존 pt.2",S11
2536,"날아올라",C
2537,"히글디 피글디",D20
2538,"로그인",S10
2539,"레퀴엠",D18
2540,"위치 닥터 #1",D17
2541,"젓가락 변주곡",D16
2542,"아이올라이트 스카이",S07
2543,"진공 청소기",D20
2544,"겟 업 (앤 고)",D19
2545,"라이크 미",D13
2546,"테이크 아웃",D22
2547,"팬텀 -인터메조-",S12
2548,"파파시토 (feat.  KuTiNA) - FULL SONG -",S19
2549,"엘리제",D12
2550,"스텝",S07
2551,"슈샤",D12
2552,"아이스 오브 데스",D12
2553,"웨딩 크래셔 - SHORT CUT -",S18
2554,"마카롱 데이",S07
2555,"아이 원트 유 - SHORT CUT -",S19
2556,"오! 로사",C
2557,"진공",D21
2558,"까랴위사따",D17
2559,"디 엔드 오브 더 월드 ft. Skizzo",S05
2560,"실버 비트 feat. ChisaUezono",D18
2561,"틸 디 엔드 오브 타임",D13
2562,"메테오 사이언스 (GADGET mix)",S18
2563,"레이지 오브 파이어",S11
2564,"모노리스",S09
2565,"파이어 오브 데스티니",D18
2566,"파이널 오디션 에피소드 2-X",D21
2567,"사월",D07
2568,"밀키 웨이 갤럭시",D19
2569,"라이크 미",S10
2570,"매지컬 베케이션",S11
2571,"엑스트라 반야 리믹스",S12
2572,"사월",S06
2573,"비주얼 드림 2 (인 픽션)",D19
2574,"요로피쿠 피쿠요로 !",S03
2575,"팝 시퀀스",D13
2576,"레이디버그",S05
2577,"터키 행진곡",D21
2578,"크로스 레이 (feat. 月下Lia)",S04
2579,"유 어게인 마이 러브",S06
2580,"러브 이즈 어 데인저 존 - SHORT CUT -",S20
2581,"8 6",C
2582,"탄탄멘",S04
2583,"레이지 오브 파이어",D11
2584,"오버블로우2",D15
2585,"트라이브 어택커",S17
2586,"위치 닥터 #1",S19
2587,"무브 댓 바디!",D18
2588,"멘탈 라이더",D24
2589,"이그니스 패터스(DM Ashura 믹스)",C
2590,"왓 해픈드",S17
2591,"파이널 오디션",D19
2592,"펌트리스 꽈뜨로",D15
2593,"엑스트라바간자",S04
2594,"XX 오프닝 - SHORT CUT -",S11
2595,"카프리스 오브 오타다",S08
2596,"히글디 피글디",D16
2597,"리키지 볼티지",S17
2598,"터키 행진곡",D13
2599,"엑시던트",S07
2600,"미스터 라푸스",D22
2601,"에프 에프 에프",D15
2602,"우츠시요 노 카제 feat. Kana",S11
2603,"야누스",D19
2604,"스멜스 라이크 어 초콜릿",S03
2605,"헤이 유",S10
2606,"라이징 스타",C
2607,"메테오 사이언스 (GADGET mix)",D18
2608,"파이널 오디션",D17
2609,"야누스",D22
2610,"아스테리오스 -리엔트리-",D08
2611,"어웨이크닝",S10
2612,"스타 커맨드",D15
2613,"이그니스 패터스(DM Ashura 믹스)",D17
2614,"퍼더",S11
2615,"슈브 니구라스 - SHORT CUT -",S21
2616,"아발란퀴엠",S20
2617,"슈퍼 스타일린",D12
2618,"월광",D21
2619,"러브 이즈 어 데인저 존",S08
2620,"로키",C
2621,"알레그로 퓨리오소",S11
2622,"포세이돈 - SHORT CUT -",S11
2623,"사월",S12
2624,"파이널 오디션 에피소드 1",S13
2625,"어웨이크닝",S07
2626,"블랙 드래곤",D19
2627,"엑스트라바간자",D15
2628,"에프 에프 에프",D22
2629,"금혼식",S05
2630,"반야-P 기타 리믹스",D24
2631,"리무버블 디스코",S09
2632,"헤드리스 치킨",S10
2633,"트란사칼리아",S06
2634,"디 갱",S18
2635,"비디오 아웃 씨",S17
2636,"로봇 배틀",D19
2637,"팬텀 -인터메조-",D21
2638,"헤이 유",D10
2639,"겟 업 (앤 고)",S17
2640,"댄스 위드 미",D15
2641,"트리튬",S08
2642,"팬텀 -인터메조-",D19
2643,"브레이크 잇 다운",D17
2644,"아마겟돈",S06
2645,"파이널 오디션 에피소드 2-2",S17
2646,"라 그랑드 루즈",S08
2647,"터키 행진곡 -미니멀튠즈-",S03
2648,"클루",S12
2649,"헤이 유",D16
2650,"하트 어택",D21
2651,"스타트 온 레드",S11
2652,"블랙 드래곤",S11
2653,"비",S12
2654,"오버 더 호라이즌",D21
2655,"디 엔드 오브 더 월드 ft. Skizzo",D07
2656,"클레마티스 랩소디아",C
2657,"캉-캉 ~Orpheus in The Party Mix~",D12
2658,"오버블로우",S16
2659,"캉-캉 ~Orpheus in The Party Mix~ - SHORT CUT -",D17
2660,"펌프 점프",S15
2661,"레이브 언틸 디 어스 엔드",D18
2662,"월광",D12
2663,"야근",D21
2664,"비메라",S17
2665,"잣",S15
2666,"알레그로 피유 모쏘",S17
2667,"투우사의 노래",S15
2668,"브링 백 더 비트",S12
2669,"B2",S18
2670,"아마겟돈",D13
2671,"캇코이",S11
2672,"리펜턴스",S06
2673,"네크로맨시",S04
2674,"오버 더 호라이즌",D18
2675,"아이디얼라이즈드 로맨스 ",S07
2676,"틸 디 엔드 오브 타임",S04
2677,"서울구경",S13
2678,"사랑가 2006 ",S12
2679,"브레이크 아웃",D20
2680,"ㅁㄴㅇㄹ",D17
2681,"비메라",D26
2682,"트라이브 어택커",S05
2683,"암피트리온",D13
2684,"겟 업",S15
2685,"또다른 진심",D18
2686,"제이 봉",S15
2687,"파파 곤잘레스",S08
2688,"배니쉬",C
2689,"레이지 오브 파이어",S07
2690,"레드 스완",C
2691,"파이널 오디션 에피소드 1",S17
2692,"헬릭스",S07
2693,"라 그랑드 루즈",D19
2694,"갓 모드 2.0 feat. Skizzo",D18
2695,"포가튼 뱀파이어",D05
2696,"슈브 소토스",D27
2697,"비디오 아웃 씨",S14
2698,"갓 모드 feat. Skizzo",S08
2699,"텔링 포츈 플라워",D13
2700,"프라임",S11
2701,"트위스트 오브 페이트 (feat. Ruriling)",S06
2702,"클레마티스 랩소디아",S11
2703,"비메라 - SHORT CUT -",S15
2704,"무브 댓 바디!",S05
2705,"하이 바이",S19
2706,"고딕 레조넌스",S08
2707,"마왕",D20
2708,"네이티브",D11
2709,"라이징 스타",D12
2710,"트림 북 오브 더 워",D22
2711,"힙노시스(SynthWulf 믹스)",S13
2712,"엑스 레이브",S06
2713,"사라반드",S04
2714,"디 갱",D09
2715,"레드 스노우",D13
2716,"미스 에스 스토리",D19
2717,"실루엣 이펙트",D13
2718,"위치 닥터 #1",D20
2719,"퍼센트 엑스",D19
2720,"알테일",D06
2721,"야근",S17
2722,"요그 소토스 - SHORT CUT -",D21
2723,"트로피카닉",S04
2724,"왈츠 오브 도지",S11
2725,"러브 이즈 어 데인저 존 pt.2",S07
2726,"파이널 오디션 에피소드 2-1",D22
2727,"오블리터레이션",S10
2728,"이그니스 패터스(DM Ashura 믹스)",D18
2729,"하이 바이",D20
2730,"HTTP",D13
2731,"모멘트 데이",S18
2732,"러브 이즈 어 데인저 존 2 Try To B.P.M",S16
2733,"셀피쉬니스",D12
2734,"마타도르",D07
2735,"엑스트리",D20
2736,"비트 오브 더 워",D20
2737,"마이 드림즈",D19
2738,"위엑닥바",S17
2739,"리얼리티",D06
2740,"텔링 포츈 플라워",S10
2741,"터키 행진곡",D18
2742,"아이 원트 유",S07
2743,"비디오 아웃 씨",D15
2744,"더 레볼루션",D12
2745,"팬텀",D21
2746,"아발란치",S07
2747,"러브 이즈 어 데인저 존(Cranky 믹스)",D11
2748,"컴 투 미",D14
2749,"겟 업 (앤 고)",S11
2750,"부크",S07
2751,"실버 비트 feat. ChisaUezono",D13
2752,"엘리시움",D15
2753,"안녕 윌리엄",D20
2754,"캇코이",S08
2755,"캇코이",D19
2756,"소서리스 엘리제",D18
2757,"듀얼 레이싱 <레드 vs 블루>",D13
2758,"헤드리스 치킨",S06
2759,"블랙 드래곤",D12
2760,"반야 힙합 리믹스",D21
2761,"또다른 진심",C
2762,"님과 함께",D18
2763,"닥터 엠",S03
2764,"스위트로닉 - SHORT CUT -",D17
2765,"듀얼 레이싱 <레드 vs 블루>",S11
2766,"헤이 유",S15
2767,"캐논 X.1",D15
2768,"로그인",D12
2769,"엑스트림",S12
2770,"인터퍼런스",D22
2771,"트롯프리스 - SHORT CUT -",S14
2772,"닥터 엠",D14
2773,"HTTP",C
2774,"퀸 오브 더 레드",S04
2775,"트림 북 오브 더 워",S19
2776,"프리 스타일",S13
2777,"제이 봉",D17
2778,"오버블로우2",D08
2779,"듀얼 레이싱 <레드 vs 블루>",C
2780,"어웨이크닝",D13
2781,"알레그로 퓨리오소",C
2782,"알레그로 피유 모쏘",D19
2783,"유니크",S10
2784,"아이디얼라이즈드 로맨스 ",D11
2785,"부크",D20
2786,"유 갓 미 크레이지",D05
2787,"토카타",D15
2788,"월광 - SHORT CUT -",S15
2789,"베토벤 인플루엔자",S21
2790,"오버블로우",S10
2791,"포세이돈",C
2792,"트란사칼리아",D07
2793,"알테일",S02
2794,"러브 이즈 어 데인저 존 pt.2 어나더",S18
2795,"안녕 윌리엄",S17
2796,"메테오라이즈",D17
2797,"매드 사이언스",D09
2798,"유령의 축제 2 (Sneak)",S11
2799,"아발란치",D13
2800,"레드라인",C
2801,"레드 스노우",S07
2802,"왈츠 오브 도지",C
2803,"에프 에프 에프",S18
2804,"치킨 윙 - SHORT CUT -",D15
2805,"오버 더 호라이즌",S11
2806,"가고일",S04
2807,"엑스트리",S09
2808,"비",S10
2809,"폴른 엔젤",S06
2810,"파파 헬로이징",S19
2811,"스타더스트 오버드라이브",S09
2812,"마이웨이",D18
2813,"레퀴엠",S12
2814,"우편마차",D22
2815,"블레이즈 이모션 (Band version)",S17
2816,"브레이크 아웃",D12
2817,"히아신스",S14
2818,"팝 더 트랙",D11
2819,"밀키 웨이 갤럭시",S18
2820,"오! 로사",S09
2821,"니힐리즘 - 어나더 버전 -",S08
2822,"허쉬",S05
2823,"셀피쉬니스",S11
2824,"펌핑 점핑",D18
2825,"파이널 오디션 2",S12
2826,"돌리 키스",S06
2827,"팝 더 트랙",D18
2828,"유어 마인드",S09
2829,"허쉬",S08
2830,"펌프 미 아마데우스",D21
2831,"유토피아",D13
2832,"라그나로크",D13
2833,"매지컬 베케이션",D07
2834,"포인트 제로 원",S10
2835,"유 앤 아이",C
2836,"우츠시요 노 카제 feat. Kana",D11
2837,"B2",D19
2838,"사월 - SHORT CUT -",S19
2839,"무혼",S06
2840,"펌핑 점핑",S19
2841,"HTTP",D11
2842,"디그니티 - FULL SONG -",S15
2843,"멘탈 라이더",C
2844,"패스터 Z",S12
2845,"두 유 노우 댓-올드 스쿨",S17
2846,"트리튬",D10
2847,"엑스트림",D15
2848,"마카롱 데이",D13
2849,"레드라인",D19
2850,"펌핑 점핑",S14
2851,"야근",S14
2852,"아이 원트 유 - SHORT CUT -",D21
2853,"엑스트림",D20
2854,"테일즈 오브 펌프니아",C
2855,"포세이돈 - SHORT CUT -",D21
2856,"디",D19
2857,"오블리터레이션",D10
2858,"캉-캉 ~Orpheus in The Party Mix~ - SHORT CUT -",D21
2859,"비트 오브 더 워 2",D15
2860,"클레마티스 랩소디아",D13
2861,"메테오라이즈",D19
2862,"하트 어택",D10
2863,"크로스 타임",S03
2864,"와라유도인?",S18
2865,"히페리온",S09
2866,"바로크 바이러스",S05
2867,"엑스트리",D16
2868,"파사칼리아 - SHORT CUT -",S17
2869,"네이티브",S10
2870,"에프 에프 에프 - SHORT CUT -",S18
2871,"하늘다람쥐",D26
2872,"오! 로사",D11
2873,"롤링 크리스마스",S05
2874,"인디스트럭터블",C
2875,"여래아",S05
2876,"아마이 유우와쿠 데인저러스",S01
2877,"네크로맨시",D19
2878,"파이어 누들 챌린지",D20
2879,"무브 댓 바디! - FULL SONG -",D19
2880,"롤링 크리스마스",D05
2881,"슈퍼 스타일린",S11
2882,"에러코드: 0",D27
2883,"스트리트 쇼다운",D19
2884,"펌트리스 8비트 ver. - SHORT CUT -",S08
2885,"야근",D15
2886,"러브 이즈 어 데인저 존 pt.2 어나더",S17
2887,"체이스 미",C
2888,"스타더스트 오버드라이브 - SHORT CUT -",S16
2889,"아이 원트 유",D06
2890,"아마이 유우와쿠 데인저러스",D06
2891,"진공 청소기",D26
2892,"스위트로닉 - SHORT CUT -",D11
2893,"헬로우",S17
2894,"무혼",S11
2895,"파이널 오디션 2",D20
2896,"알레그로 퓨리오소",S06
2897,"오이 오이 오이",D13
2898,"설탕음모론",S01
2899,"XX 오프닝 - SHORT CUT -",S03
2900,"브레이크 잇 다운",S16
2901,"비트 오브 더 워 2 - FULL SONG -",S21
2902,"웨딩 크래셔 - SHORT CUT -",S15
2903,"사월",C
2904,"브링 백 더 비트",D19
2905,"엘리제",C
2906,"프라임2 오프닝 - SHORT CUT -",S07
2907,"프라임 오프닝 - SHORT CUT -",D15
2908,"엑스트라 반야 리믹스",S21
2909,"캉-캉 ~Orpheus in The Party Mix~ - SHORT CUT -",D19
2910,"미토츠다이라",S09
2911,"미스터 라푸스",D18
2912,"아리랑",S13
2913,"크로스 오버 feat. LyuU",C
2914,"일 더하기 일은 귀요미",D13
2915,"패싱 라이더",D20
2916,"앵귀시드 언메이킹",D10
2917,"헝가리 무곡 V",D11
2918,"패스터 Z",S13
2919,"로봇 배틀",S14
2920,"포가튼 뱀파이어",C
2921,"라티노 바이러스",S03
2922,"오버블로우2",D19
2923,"위 갓 투 노우",D07
2924,"킬 뎀!",D10
2925,"엑스트리",S14
2926,"파이어 오브 데스티니",S06
2927,"디",D14
2928,"유령의 축제 2 (Sneak)",D11
2929,"카프리스 오브 오타다",S06
2930,"인터퍼런스",D19
2931,"사람들은 몰랐다네",C
2932,"펌트리스 8비트 ver.",S08
2933,"불카누스",S19
2934,"유 갓 미 락킹",S06
2935,"캐논 디 - FULL SONG -",D24
2936,"캐논 디",C
2937,"사람들은 몰랐다네",S12
2938,"까랴위사따",S14
2939,"러브 이즈 어 데인저 존(Cranky 믹스)",C
2940,"디제이 오타다",S07
2941,"밀키 웨이 갤럭시",D13
2942,"사라반드 - SHORT CUT -",S10
2943,"엑스트라바간자 - SHORT CUT -",S16
2944,"점프",S16
2945,"사람들은 몰랐다네",D08
2946,"머니",D17
2947,"리키지 볼티지",S12
2948,"파이어 오브 데스티니",D11
2949,"라 그랑드 루즈",D22
2950,"금혼식",D13
2951,"아이 원트 유 - SHORT CUT -",S11
2952,"비주얼 드림 2 (인 픽션)",D11
2953,"사랑가 2006 ",S15
2954,"악몽",D14
2955,"무혼 2 - SHORT CUT -",S18
2956,"슈퍼 스타일린",S08
2957,"무브 댓 바디!",S10
2958,"우편마차",D12
2959,"치킨 윙",D18
2960,"윈터",D21
2961,"파이널 오디션 2",D18
2962,"라티노 바이러스",D19
2963,"태동",S12
2964,"윌 오 더 위스프",D16
2965,"트로피카닉",S02
2966,"닥터 엠",D18
2967,"유 갓 미 락킹",D05
2968,"암피트리온",S07
2969,"캉-캉 ~Orpheus in The Party Mix~",C
2970,"레드라인",D20
2971,"퍼센트 엑스",D13
2972,"무브 댓 바디! - SHORT CUT -",S17
2973,"하이 바이",S16
2974,"겟 업",S10
2975,"슈브 니구라스 - SHORT CUT -",S18
2976,"키티 캣",S01
2977,"제네시스",D18
2978,"부크",D15
2979,"터키 바이러스",S15
2980,"부크",D21
2981,"미스터 라푸스",S03
2982,"무브 댓 바디!",D12
2983,"서울구경",S06
2984,"이그니스 패터스(DM Ashura 믹스) - SHORT CUT -",D21
2985,"무브 댓 바디! - FULL SONG -",S18
2986,"아드레날린 블래스터",D12
2987,"가장신자",C
2988,"아크 오브 다크니스",D18
2989,"폴른 엔젤",D11
2990,"스타트 온 레드",D13
2991,"포세이돈",S06
2992,"캐논 X.1",S07
2993,"메테오라이즈",D09
2994,"두 유 노우 댓-올드 스쿨",D20
2995,"트란사칼리아",S03
2996,"프라임",S04
2997,"제네시스",S11
2998,"크리스마스의 기억",S05
2999,"힙노시스(SynthWulf 믹스)",S11
3000,"하늘다람쥐",D21
3001,"사랑가",D17
3002,"파이널 오디션 2",S10
3003,"엠페러",S08
3004,"김치 핑거즈",C
3005,"힙노시스(SynthWulf 믹스)",D14
3006,"레이디버그",S01
3007,"위치 닥터",D22
3008,"닥터 케이오에이",S18
3009,"인터퍼런스",D13
3010,"겟 업",D15
3011,"테이크 아웃",S04
3012,"히글디 피글디",S16
3013,"디 갱",D18
3014,"카프리스 오브 오타다",D22
3015,"테크 -클럽 코펜하겐-",S17
3016,"팬텀",D15
3017,"라티노 바이러스",D13
3018,"케이.오.에이 : 엘리스 인 원더월드",D19
3019,"사라반드 - SHORT CUT -",D19
3020,"브레이크 아웃",D18
3021,"펌트리스 8비트 ver.",S05
3022,"유니크",D18
3023,"사람들은 펌핑업을 몰랐다네",D18
3024,"스타트 온 레드",S08
3025,"허쉬 - FULL SONG -",S15
3026,"미드나잇 블루",D13
3027,"퍼센트 엑스",S06
3028,"펌프 미 아마데우스",D19
3029,"제네시스",D15
3030,"러브 이즈 어 데인저 존 - SHORT CUT -",S13
3031,"데인저 & 데인저",D10
3032,"ㅁㄴㅇㄹ",S09
3033,"펌트리스 8비트 ver. - SHORT CUT -",S16
3034,"사랑가",S16
3035,"펌핑 점핑",S16
3036,"터키 행진곡 -미니멀튠즈-",D18
3037,"파이널 오디션 2",S07
3038,"데스티네이션",D20
3039,"타이밍",S02
3040,"데인저 & 데인저",S08
3041,"마이웨이",D16
3042,"리키지 볼티지",D14
3043,"유 갓 투 노우",S08
3044,"프라임2 오프닝 - SHORT CUT -",S12
3045,"실루엣 이펙트",S10
3046,"올 아이 원트 포 크리스마스",D08
3047,"하트 어택",S11
3048,"굿 나이트 - FULL SONG -",D26
3049,"매지컬 베케이션",D13
3050,"두 잇 레게 스타일",D16
3051,"유 갓 미 락킹 - SHORT CUT -",S17
3052,"안녕 윌리엄",S10
3053,"알레그로 피유 모쏘",S10
3054,"카프리스 오브 오타다",D19
3055,"파반느",S10
3056,"디제이 오타다",D14
3057,"하이퍼큐브",S06
3058,"투우사의 노래",D21
3059,"사랑가",S01
3060,"앵귀시드 언메이킹",S08
3061,"로그인",S07
3062,"타임 어택 <블루>",D10
3063,"비트 오브 더 워 2 - FULL SONG -",D21
3064,"몽키 핑거즈 2",S17
3065,"까랴위사따",S16
3066,"겟 유어 그루브 온",S12
3067,"듀얼 레이싱 <레드 vs 블루>",S07
3068,"루시드(PIU Edit)",S07
3069,"블레이즈 이모션",D18
3070,"파이널 오디션 에피소드 2-1",S08
3071,"포인트 브레이크",D14
3072,"캄파넬라",S06
3073,"엑스 레이브",D13
3074,"그녀는 피자를 좋아해",S10
3075,"오버블로우",C
3076,"아크 오브 다크니스",S17
3077,"셋 미 업",S14
3078,"멘탈 라이더",D15
3079,"태동",D16
3080,"러브 이즈 어 데인저 존 pt.2 - SHORT CUT -",S19
3081,"NX 오프닝 - SHORT CUT -",S16
3082,"러브 이즈 어 데인저 존 2 Try To B.P.M",D17
3083,"오버블로우",S18
3084,"카프리스 오브 오타다",D11
3085,"까랴위사따",S10
3086,"유어 마인드",D10
3087,"오버블로우2",S10
3088,"웨딩 크래셔 - SHORT CUT -",D20
3089,"댄스 위드 미",S06
3090,"디",S11
3091,"클리너",S04
3092,"포인트 브레이크",S13
3093,"캄파넬라",D12
3094,"히글디 피글디",S09
3095,"점프",S12
3096,"헤드리스 치킨",D12
3097,"야근",D08
3098,"히글디 피글디",D08
3099,"갓 모드 2.0 feat. Skizzo",D13
3100,"패싱 라이더",S12
3101,"러브 이즈 어 데인저 존",D11
3102,"웨딩 크래셔 - SHORT CUT -",D13
3103,"XX 오프닝 - SHORT CUT -",S06
3104,"머니",S09
3105,"비트 더 고스트",S18
3106,"킬 뎀!",S05
3107,"루시드(PIU Edit)",S13
3108,"인피니티 리믹스",S19
3109,"올 아이 원트 포 크리스마스",S09
3110,"엑시던트",D13
3111,"사랑가",S13
3112,"케이.오.에이 : 엘리스 인 원더월드",D14
3113,"엠페러",S12
3114,"블레이징",S07
3115,"헝가리 무곡 V",S17
3116,"카프리스 오브 디제이 오타다",S21
3117,"요로피쿠 피쿠요로 !",C
3118,"마이 드림즈",S18
3119,"ㅁㄴㅇㄹ",D10
3120,"루시드(PIU Edit)",C
3121,"프라임2 오프닝 - SHORT CUT -",S17
3122,"어웨이크닝",C
3123,"아이 원트 유",S03
3124,"어나이얼레이터 메소드",S07
3125,"하이퍼큐브",D11
3126,"윌 오 더 위스프",S16
3127,"우라늄",D12
3128,"싸이클링!",D11
3129,"네메시스",S04
3130,"윌 오 더 위스프",D20
3131,"코스미컬 리듬",D11
3132,"테프리스",S02
3133,"하이퍼큐브",S10
3134,"엑스 레이브 - SHORT CUT -",S16
3135,"오벨리스크",S02
3136,"멘탈 라이더",S13
3137,"VVV ",D19
3138,"펌핑 점핑",S17
3139,"스타 커맨드",S05
3140,"비트 오브 더 워 2",D20
3141,"롤링 크리스마스",S03
3142,"마카롱 데이",C
3143,"인터퍼런스 - FULL SONG -",D16
3144,"루시드(PIU Edit)",S16
3145,"프리 스타일",D15
3146,"루시드(PIU Edit)",D14
3147,"오버블로우",D19
3148,"러브 이즈 어 데인저 존 - SHORT CUT -",D18
3149,"파사칼리아",S04
3150,"오버블로우 - SHORT CUT -",S18
3151,"러브 이즈 어 데인저 존(Cranky 믹스)",S07
3152,"겟 업",S05
3153,"윌 오 더 위스프",S13
3154,"펌핑 점핑",D09
3155,"파이널 오디션 에피소드 2-2",S08
3156,"파이널 오디션 에피소드 2-1",S19
3157,"위치 닥터",S11
3158,"머니 핑거즈",S17
3159,"XX 오프닝 - SHORT CUT -",D12
3160,"님과 함께",D14
3161,"무브 댓 바디! - SHORT CUT -",D18
3162,"터키 행진곡 -미니멀튠즈-",D13
3163,"잼 오 비트",D15
3164,"사랑가",D13
3165,"헝가리 무곡 V",S18
3166,"님과 함께",S12
3167,"셀피쉬니스 - SHORT CUT -",S17
3168,"건 락",D09
3169,"히페리온",D11
3170,"파이널 오디션 에피소드 1",S09
3171,"파이널 오디션 에피소드 2-X - SHORT CUT -",D20
3172,"레퀴엠",S07
3173,"유 어게인 마이 러브",D06
3174,"사랑가",S05
3175,"몽키 핑거즈 2",S08
3176,"베들램",C
3177,"파파 헬로이징",S10
3178,"일 더하기 일은 귀요미",S04
3179,"디",S07
3180,"하드코어 오브 더 노스",S04
3181,"블레이즈 이모션",S16
3182,"파이널 오디션 에피소드 1",D15
3183,"조나단의 꿈",S06
3184,"허쉬 - FULL SONG -",D16
3185,"저스트 홀드 온 (To All Fighters)",S04
3186,"프리 스타일",S09
3187,"립톤 스트라이크",D11
3188,"펌핑업",S05
3189,"무혼 2",S09
3190,"포인트 제로 원",D11
3191,"탑 시티",D09
3192,"비트 오브 더 워",S16
3193,"헬릭스",D12
3194,"터키 행진곡",C
3195,"라라",D08
3196,"라라",S08
3197,"윌 오 더 위스프",D14
3198,"비",D15
3199,"리얼리티",S06
3200,"파이널 오디션 3",D18
3201,"엘리시움",D10
3202,"잼 오 비트",S16
3203,"비트 더 고스트",D20
3204,"라이프 이즈 피아노",S04
3205,"버터플라이",S09
3206,"라스트 리버스",S03
3207,"스멜스 라이크 어 초콜릿",D12
3208,"사월 - SHORT CUT -",S09
3209,"타임 어택 <블루>",S08
3210,"펌핑업",S10
3211,"갓 모드 feat. Skizzo",S04
3212,"파이널 오디션 에피소드 1",D22
3213,"겟 업 (앤 고)",S07
3214,"XX 오프닝 - SHORT CUT -",D17
3215,"라라",S05
3216,"엔",S16
3217,"비트 오브 더 워",S18
3218,"엑스트림",S08
3219,"BS파워 익스플로전",C
3220,"팝 더 트랙",S04
3221,"카프리스 오브 디제이 오타다",D25
3222,"엘리시움",S09
3223,"셀피쉬니스",S06
3224,"브링 백 더 비트",D09
3225,"돌리 키스",D06
3226,"요그 소토스 - SHORT CUT -",D16
3227,"파이널 오디션 에피소드 2-2",D19
3228,"아마이 유우와쿠 데인저러스",S03
3229,"윈드밀",C
3230,"리키지 볼티지",D18
3231,"사랑가 -2막-",D15
3232,"위엑닥바",D17
3233,"스트리트 쇼다운",D16
3234,"반야-P 클래식 리믹스",D22
3235,"메테오라이즈",S10
3236,"웨딩 크래셔 - SHORT CUT -",S04
3237,"익시드2 오프닝 - SHORT CUT -",S16
3238,"미운 오리새끼",S10
3239,"마왕",C
3240,"포세이돈 - SHORT CUT -",D14
3241,"사랑가",S09
3242,"무혼 2 - SHORT CUT -",D18
3243,"아스테리오스 -리엔트리-",C
3244,"헬릭스",S05
3245,"히아신스",S10
3246,"유니크",D12
3247,"펌프 점프",D18
3248,"실루엣 이펙트",S07
3249,"첫사랑",S06
3250,"아이디얼라이즈드 로맨스 ",S04
3251,"키티 캣",S03
3252,"사월",S03
3253,"펌핑업",S13
3254,"트롯프리스 - SHORT CUT -",D15
3255,"태동 2",D16
3256,"그녀는 피자를 좋아해",D11
3257,"캇코이",D12
3258,"디 갱",S11
3259,"엔",D16
3260,"블레이즈 이모션",D11
3261,"슈퍼 스타일린",S06
3262,"블레이즈 이모션 (Band version)",S09
3263,"겟 업",D19
3264,"컴 투 미",D15
3265,"인터퍼런스 - FULL SONG -",S19
3266,"파이널 오디션 2 - SHORT CUT -",S17
3267,"윈터 - SHORT CUT -",D13
3268,"히페리온 - SHORT CUT -",D21
3269,"위 윌 밋 어게인",D11
3270,"라티노 바이러스",C
3271,"레드 스완",D12
3272,"락 더 하우스 - SHORT CUT -",D20
3273,"라이프 이즈 피아노",S02
3274,"월광 - SHORT CUT -",S19
3275,"오이 오이 오이",S09
3276,"유 갓 미 크레이지",S06
3277,"태동 2",S15
3278,"스타드림 (feat. Romelon)",S01
3279,"레이브 언틸 디 어스 엔드",S07
3280,"HTTP",S07
3281,"실루엣 이펙트 - SHORT CUT -",S18
3282,"케이.오.에이 : 엘리스 인 원더월드",S10
3283,"마타도르",S04
3284,"팬텀",S07
3285,"악몽",S06
3286,"크리스마스의 기억",S03
3287,"테이크 아웃 - SHORT CUT -",S18
3288,"유토피아",S07
3289,"파이널 오디션 에피소드 1",S08
3290,"포인트 브레이크",D07
3291,"디 갱",D15
3292,"리무버블 디스코",D06
3293,"차이니즈 레스토랑",S04
3294,"오버블로우",D18
3295,"펌트리스 8비트 ver.",S18
3296,"치킨 윙",S04
3297,"패스터 Z",D15
3298,"디",S04
3299,"안녕 윌리엄",S06
3300,"겟 업 (앤 고)",D12
3301,"오이 오이 오이",S08
3302,"모노리스",S05
3303,"젓가락 변주곡 - FULL SONG -",D20
3304,"클루",D12
3305,"헬로우",S11
3306,"겟 유어 그루브 온",D10
3307,"몽키 핑거즈 2",D19
3308,"로봇 배틀",D14
3309,"비",S07
3310,"태동",S08
3311,"스타더스트 오버드라이브",D13
3312,"블레이즈 이모션",D19
3313,"파이널 오디션 에피소드 2-X",S09
3314,"엑스트라바간자",D18
3315,"스텝",D12
3316,"파이어 오브 데스티니",C
3317,"사랑가 -2막-",S12
3318,"헬로우",D18
3319,"펌트리스 8비트 ver.",S17
3320,"건 락",D18
3321,"롤링 크리스마스",D13
3322,"미토츠다이라",S01
3323,"프라임",D13
3324,"데스티네이션 - SHORT CUT -",S11
3325,"웨딩 크래셔 - SHORT CUT -",D06
3326,"댄스 위드 미",S04
3327,"인터퍼런스 - FULL SONG -",D18
3328,"리무버블 디스코",S06
3329,"케이.오.에이 : 엘리스 인 원더월드 - SHORT CUT -",S16
3330,"팝 더 트랙 - SHORT CUT -",S18
3331,"반야 클래식 리믹스",S13
3332,"파파 곤잘레스",D19
3333,"엠.에스.군 리믹스 파트.6",S21
3334,"B2",S10
3335,"요로피쿠 피쿠요로 !",D05
3336,"실루엣 이펙트",C
3337,"스타더스트 오버드라이브 - SHORT CUT -",D17
3338,"앵귀시드 언메이킹",S05
3339,"윌 오 더 위스프",S05
3340,"네이티브",D18
3341,"에브리바디 갓 투 노우",D19
3342,"레드라인",S05
3343,"까랴위사따",S07
3344,"패싱 라이더",D10
3345,"그녀는 피자를 좋아해",D18
3346,"라라",S01
3347,"인피니티 리믹스",D19
3348,"사랑가 2006 ",D14
3349,"블랙 드래곤",S08
3350,"브레이크 잇 다운",D13
3351,"업 앤 업 (Produced by AWAL)",S03
3352,"블레이즈 이모션 (Band version)",D18
3353,"모멘트 데이",S06
3354,"오버블로우",D12
3355,"왓 해픈드",S12
3356,"무혼",S08
3357,"셋 미 업",S10
3358,"위 윌 밋 어게인",S13
3359,"셀피쉬니스 - SHORT CUT -",D18
3360,"파사칼리아 - SHORT CUT -",D18
3361,"무브 댓 바디!",S03
3362,"미션 파서블 -블로우 백-",D19
3363,"메테오라이즈",S05
3364,"오버블로우 - SHORT CUT -",D17
3365,"조나단의 꿈",S08
3366,"기타 맨",S13
3367,"투우사의 노래",S11
3368,"사월 - SHORT CUT -",D19
3369,"유 갓 미 락킹 - SHORT CUT -",D17
3370,"엑스 레이브",S09
3371,"테프리스",S04
3372,"겟 업 (앤 고)",S04
3373,"오버블로우",S07
3374,"사라반드",C
3375,"업 앤 업 (Produced by AWAL)",S05
3376,"데스티네이션 - SHORT CUT -",D20
3377,"반야 프로덕션 클래식 리믹스",S18
3378,"싸이클링!",S03
3379,"반야 프로덕션 클래식 리믹스 2",S18
3380,"프리 스타일",S05
3381,"님과 함께",S05
3382,"셋업 미투 믹스",S18
3383,"가장신자",S04
3384,"컴 투 미",S11
3385,"스위트로닉 - SHORT CUT -",S06
3386,"아마겟돈",S04
3387,"비트 오브 더 워 2",S07
3388,"알레그로 피유 모쏘",D12
3389,"아발란치",S04
3390,"서든 로맨스 [PIU Edit]",S04
3391,"파이널 오디션",S02
3392,"위 갓 투 노우",S05
3393,"닥터 케이오에이",S12
3394,"요그 소토스 - SHORT CUT -",S14
3395,"캐논 X.1",S03
3396,"스위트로닉 - SHORT CUT -",S09
3397,"데스티네이션 - SHORT CUT -",D21
3398,"카프리스 오브 디제이 오타다",D22
3399,"미드나잇 블루",S12
3400,"베토벤 인플루엔자",D20
3401,"그녀는 피자를 좋아해",S09
3402,"기타 맨",D19
3403,"클루",S08
3404,"투우사의 노래",D18
3405,"위치 닥터 #1",S17
3406,"패싱 라이더",S08
3407,"펌프 점프",S05
3408,"익시드2 오프닝 - SHORT CUT -",D18
3409,"파파 곤잘레스",S06
3410,"B2",D13
3411,"갓 모드 2.0 feat. Skizzo",S08
3412,"오벨리스크",S04
3413,"에프 에프 에프 - SHORT CUT -",D21
3414,"마리아",S07
3415,"브링 백 더 비트",S07
3416,"하이 바이",D11
3417,"트림 북 오브 더 워",S14
3418,"태동 2",D20
3419,"까랴위사따",D07
3420,"헝가리 무곡 V",S04
3421,"오버블로우2",S05
3422,"하이 바이",S08
3423,"부크",S03
3424,"알레그로 피유 모쏘",S06
3425,"패스터 Z",S07
3426,"케이.오.에이 : 엘리스 인 원더월드",S01
3427,"엑스트라 반야 리믹스",D15
3428,"블랙 드래곤",S04
3429,"두 잇 레게 스타일",S13
3430,"아이 원트 유 - SHORT CUT -",S07
3431,"블레이즈 이모션",S07
3432,"눈을 감아",S06
3433,"포세이돈",S03
3434,"블레이즈 이모션",S09
3435,"토카타",S07
3436,"매드 사이언스",S05
3437,"레드 스노우",C
3438,"젓가락 변주곡 - FULL SONG -",S17
3439,"위치 닥터 #1",S09
3440,"유니크 - SHORT CUT -",D16
3441,"미토츠다이라",D12
3442,"아르카나 포스",S04
3443,"스위트로닉 - SHORT CUT -",S03
3444,"틸 디 엔드 오브 타임",S03
3445,"월광",S04
3446,"비주얼 드림 2 (인 픽션)",S08
3447,"제네시스",D13
3448,"토카타",D18
3449,"점프",S07
3450,"아드레날린 블래스터",S03
3451,"제로아이즈",C
3452,"월광 - SHORT CUT -",D20
3453,"야근",S09
3454,"비메라",D18
3455,"아스테리오스 -리엔트리-",S04
3456,"아이 원트 유 - SHORT CUT -",D13
3457,"펌트리스 꽈뜨로",S03
3458,"러브 이즈 어 데인저 존",S04
3459,"반야-P 클래식 리믹스",S21
3460,"윈터 - SHORT CUT -",D17
3461,"비트 더 고스트",S11
3462,"디그니티 - FULL SONG -",D22
3463,"태동",S05
3464,"몽키 핑거즈",S04
3465,"파이널 오디션 2",D12
3466,"펌핑업",D15
3467,"엠.에스.군 리믹스 파트.6",D21
3468,"히페리온",S04
3469,"위치 닥터 #1",S18
3470,"사람들은 몰랐다네",S05
3471,"하트 어택",S07
3472,"하우스플랜",S03
3473,"엑스 레이브",S03
3474,"엑시던트",S04
3475,"미운 오리 토카타",D18
3476,"반야 프로덕션 클래식 리믹스 2",S13
3477,"탑 시티",S13
3478,"포가튼 뱀파이어",S03
3479,"잣",D17
3480,"아이스 오브 데스",S03
3481,"머니 핑거즈",S10
3482,"건 락",S09
3483,"스타드림 (feat. Romelon)",S03
3484,"제이 봉",S08
3485,"시그너스",S04
3486,"버터플라이",S06
3487,"위 갓 투 노우",S01
3488,"미운 오리새끼",S03
3489,"브레이크 아웃",S04
3490,"마카롱 데이",S04
3491,"반야 클래식 리믹스",D21
3492,"머니 핑거즈",D19
3493,"위치 닥터 - SHORT CUT -",D17
3494,"파이널 오디션 3 - SHORT CUT -",S18
3495,"펌프 미 아마데우스",S03
3496,"펌핑 점핑",S06
3497,"스타더스트 오버드라이브",D05
3498,"레이브 언틸 디 어스 엔드",S04
3499,"러브 이즈 어 데인저 존",C
3500,"디 엔드 오브 더 월드 ft. Skizzo",S03
3501,"로봇 배틀",S09
3502,"사랑가 2006 ",S09
3503,"디그니티 - FULL SONG -",D18
3504,"엔",S05
3505,"퍼센트 엑스",S03
3506,"브레이크 잇 다운",D05
3507,"레드 스완",S07
3508,"네이티브",S05
3509,"아이디얼라이즈드 로맨스 ",S02
3510,"블레이즈 이모션 (Band version)",D05
3511,"파이널 오디션 3",S09
3512,"파이널 오디션 2 - SHORT CUT -",D19
3513,"엑스트라바간자 - SHORT CUT -",D16
3514,"가고일 - FULL SONG -",C
3515,"NX 오프닝 - SHORT CUT -",D18
3516,"유 어게인 마이 러브",S01
3517,"제네시스",S07
3518,"트래블 투 퓨처",S03
3519,"올 아이 원트 포 크리스마스",S03
3520,"반야 프로덕션 클래식 리믹스",S14
3521,"히글디 피글디",S06
3522,"마이 드림즈",S10
3523,"우츠시요 노 카제 feat. Kana",S07
3524,"위치 닥터",S06
3525,"파반느",S06
3526,"케이.오.에이 : 엘리스 인 원더월드 - SHORT CUT -",S09
3527,"팝 더 트랙",S02
3528,"엑스트리",S02
3529,"러브 이즈 어 데인저 존 pt.2 - SHORT CUT -",S09
3530,"헤스티아",S04
3531,"레퀴엠",S04
3532,"리얼리티",S04
3533,"비디오 아웃 씨",S11
3534,"카프리스 오브 디제이 오타다",S12
3535,"닥터 케이오에이",D20
3536,"안녕 윌리엄",D12
3537,"댄스 위드 미",S02
3538,"HTTP",S04
3539,"팬텀",S02
3540,"팬텀 -인터메조-",S07
3541,"프라임2 오프닝 - SHORT CUT -",D19
3542,"파파 곤잘레스",S04
3543,"비주얼 드림 2 (인 픽션)",S05
3544,"엠페러",S02
3545,"유 갓 투 노우",S02
3546,"컴 투 미",S06
3547,"미운 오리 토카타",S17
3548,"마이웨이",S06
3549,"러브 이즈 어 데인저 존 pt.2 어나더",C
3550,"스타트 온 레드",S04
3551,"유토피아",S04
3552,"포인트 브레이크",S06
3553,"트림 북 오브 더 워",D17
3554,"유니크",S03
3555,"스콜피온 킹",S05
3556,"몽키 핑거즈 2",D08
3557,"반야 클래식 리믹스",S19
3558,"사람들은 펌핑업을 몰랐다네",S08
3559,"트라이브 어택커",S04
3560,"브레이크 잇 다운",S07
3561,"반야 프로덕션 클래식 리믹스",D15
3562,"펌트리스 8비트 ver.",S03
3563,"투우사의 노래",S05
3564,"두 유 노우 댓-올드 스쿨",S06
3565,"유 갓 투 노우",S07
3566,"무혼",S02
3567,"디제이 오타다",S04
3568,"파이널 오디션 3",S02
3569,"올 아이 원트 포 크리스마스",S05
3570,"레이디버그",S03
3571,"클루",S04
3572,"미토츠다이라",S04
3573,"젓가락 변주곡",S06
3574,"히아신스",D13
3575,"엑스트림",S05
3576,"레드 스완",S04
3577,"포인트 브레이크",S08
3578,"테크 -클럽 코펜하겐-",S05
3579,"반야-P 클래식 리믹스",D16
3580,"터키 바이러스",D14
3581,"탑 시티",S06
3582,"로그인",S05
3583,"디 갱",S05
3584,"러브 이즈 어 데인저 존 pt.2",S04
3585,"반야 클래식 리믹스",D15
3586,"테이크 아웃 - SHORT CUT -",D19
3587,"반야-P 클래식 리믹스",S15
3588,"블레이징",S04
3589,"라라",S03
3590,"아이 원트 유 - SHORT CUT -",S04
3591,"유니크 - SHORT CUT -",S18
3592,"몽키 핑거즈 2",S04
3593,"반야 프로덕션 클래식 리믹스",D19
3594,"스타더스트 오버드라이브",S04
3595,"케이.오.에이 : 엘리스 인 원더월드 - SHORT CUT -",D18
3596,"비트 오브 더 워 2",S05
3597,"마이웨이",S08
3598,"사랑가 -2막-",S06
3599,"파이널 오디션 에피소드 1",S04
3600,"안녕 윌리엄",S04
3601,"셋 미 업",S06
3602,"리무버블 디스코",S03
3603,"디 갱",S06
3604,"패스터 Z",S04
3605,"코스미컬 리듬",S04
3606,"블레이즈 이모션",S02
3607,"오이 오이 오이",S04
3608,"토카타",S04
3609,"암피트리온",S04
3610,"메테오라이즈",S03
3611,"태동",D12
3612,"비트 오브 더 워",S09
3613,"스트리트 쇼다운",S08
3614,"건 락",S05
3615,"무혼 2",S08
3616,"겟 유어 그루브 온",S07
3617,"허쉬",S03
3618,"왓 해픈드",S07
3619,"위치 닥터 #1",S05
3620,"스콜피온 킹",S03
3621,"윌 오 더 위스프",S02
3622,"스위트로닉 - SHORT CUT -",D04
3623,"셋 미 업",S04
3624,"케이.오.에이 : 엘리스 인 원더월드",S05
3625,"위치 닥터 #1",S02
3626,"더 레버리",S03
3627,"왓 해픈드",S03
3628,"파이널 오디션 에피소드 2-1",D12
3629,"모노리스",S03
3630,"아크 오브 다크니스",S05
3631,"파이널 오디션 3",S05
3632,"파이널 오디션 3 - SHORT CUT -",D18
3633,"유 갓 미 락킹",S03
3634,"데스티네이션",S04
3635,"머니 핑거즈",D14
3636,"팝 더 트랙 - SHORT CUT -",D16
3637,"오르비트 스테빌라이저",S04
3638,"실루엣 이펙트",S04
3639,"엑스 레이브 - SHORT CUT -",D18
3640,"캄파넬라",S04
3641,"반야 힙합 리믹스",S06
3642,"루시드(PIU Edit)",S04
3643,"레미니센스",S03
3644,"투우사의 노래",D12
3645,"히글디 피글디",S02
3646,"태동 2",S09
3647,"펌핑 점핑",S02
3648,"헤이 유",S03
3649,"미운 오리새끼",S05
3650,"여래아",S03
3651,"비메라 - SHORT CUT -",D19
3652,"히아신스",S05
3653,"무혼",S04
3654,"비트 오브 더 워 2",S04
3655,"카프리스 오브 오타다",S04
3656,"앵귀시드 언메이킹",S03
3657,"HTTP",S02
3658,"유 어게인 마이 러브",S03
3659,"셀피쉬니스",S03
3660,"블레이즈 이모션",S03
3661,"B2",S04
3662,"블레이즈 이모션",S06
3663,"트위스트 오브 페이트 (feat. Ruriling)",S04
3664,"파이널 오디션 에피소드 2-1",S04
3665,"파이널 오디션 3",S08
3666,"야근",S03
3667,"미션 파서블",S07
3668,"투우사의 노래",S04
3669,"사람들은 몰랐다네",S03
3670,"비트 더 고스트",S04
3671,"B2",S07
3672,"모멘트 데이",S03
3673,"케이.오.에이 : 엘리스 인 원더월드",S03
3674,"사랑가 -2막-",S04
3675,"겟 유어 그루브 온",S04
3676,"파이널 오디션 에피소드 2-X",S03
3677,"네이티브",S03
3678,"버터플라이",S04
3679,"무혼 1.5",S07
3680,"무혼 2",S04
3681,"위치 닥터",S04
3682,"제이 봉",S05
3683,"위 윌 밋 어게인",S04
3684,"오버블로우",S04
3685,"기타 맨",S07
3686,"셋 미 업",S02
3687,"악몽",S03
3688,"점프",S04
3689,"엘리시움",S04
3690,"파이널 오디션 2",S04
3691,"제이 봉",S07
3692,"잼 오 비트",S07
3693,"비트 오브 더 워",S06
3694,"파반느",S03
3695,"파이널 오디션 에피소드 2-X",S05
3696,"유 갓 미 크레이지",S04
3697,"하이 바이",S05
3698,"마이웨이",S04
3699,"스타 커맨드",S03
3700,"반야 힙합 리믹스",S08
3701,"스트리트 쇼다운",S11
3702,"블레이즈 이모션 (Band version)",S02
3703,"야근",S06
3704,"사람들은 펌핑업을 몰랐다네",D06
3705,"팬텀 -인터메조-",S03
3706,"까랴위사따",S04
3707,"조나단의 꿈",S04
3708,"탑 시티",S04
3709,"제이 봉",S03
3710,"펌핑 점핑",S04
3711,"위 윌 밋 어게인",S09
3712,"미스 에스 스토리",S07
3713,"포인트 브레이크",S03
3714,"파이널 오디션 에피소드 2-1",S03
3715,"미션 파서블",S05
3716,"마이 드림즈",S04
3717,"아크 오브 다크니스",S02
3718,"알레그로 피유 모쏘",S04